ID,ranger.win,rf.win,roberti_win
2018_1104_1112,0.48959127,0.512,0
2018_1104_1113,0.520011905,0.504,0.566666667
2018_1104_1116,0.493078571,0.49,0.433333333
2018_1104_1120,0.51104127,0.504,0
2018_1104_1137,0.528354762,0.532,0.666666667
2018_1104_1138,0.530119841,0.484,1
2018_1104_1139,0.536076984,0.524,0.533333333
2018_1104_1153,0.532261905,0.51,1
2018_1104_1155,0.517206349,0.476,0
2018_1104_1158,0.533055556,0.508,1
2018_1104_1166,0.511611111,0.47,0.446428571
2018_1104_1168,0.496453175,0.524,0.7
2018_1104_1172,0.537497619,0.504,0.6
2018_1104_1181,0.54397381,0.514,1
2018_1104_1196,0.53680873,0.492,0.4
2018_1104_1199,0.512146032,0.504,0.5
2018_1104_1209,0.514892063,0.504,0.7
2018_1104_1211,0.504696032,0.484,0
2018_1104_1222,0.521192063,0.51,0.4
2018_1104_1233,0.49729127,0.494,0.7
2018_1104_1242,0.496304762,0.504,0.115384615
2018_1104_1243,0.512088889,0.538,0.5
2018_1104_1246,0.512778571,0.496,0
2018_1104_1252,0.518138889,0.512,0.7
2018_1104_1254,0.531962698,0.524,0.733333333
2018_1104_1260,0.543350794,0.506,0.566666667
2018_1104_1267,0.50230873,0.542,1
2018_1104_1274,0.488680952,0.486,0.4
2018_1104_1276,0.554437302,0.502,0.3
2018_1104_1277,0.510263492,0.5,0.3
2018_1104_1281,0.490729365,0.518,0.446428571
2018_1104_1285,0.490176984,0.514,0.666666667
2018_1104_1293,0.48352619,0.534,0.6
2018_1104_1300,0.500469841,0.514,0.733333333
2018_1104_1301,0.49992619,0.5,0.5
2018_1104_1305,0.502030159,0.516,0.433333333
2018_1104_1308,0.549486508,0.518,0.6
2018_1104_1314,0.52847381,0.528,1
2018_1104_1326,0.515649206,0.512,0
2018_1104_1328,0.520209524,0.518,0.533333333
2018_1104_1335,0.494170635,0.494,0.733333333
2018_1104_1344,0.47038254,0.45,0.533333333
2018_1104_1345,0.482307143,0.502,1
2018_1104_1347,0.529180159,0.516,0.733333333
2018_1104_1348,0.545177778,0.526,0.433333333
2018_1104_1355,0.492188889,0.49,0.6
2018_1104_1361,0.535635714,0.518,0.566666667
2018_1104_1371,0.517720635,0.524,0.446428571
2018_1104_1372,0.513070635,0.516,0.666666667
2018_1104_1382,0.519930952,0.522,0.566666667
2018_1104_1393,0.498598413,0.522,0.566666667
2018_1104_1395,0.49434127,0.484,0.4
2018_1104_1397,0.490646032,0.484,0.3
2018_1104_1400,0.518233333,0.554,0.533333333
2018_1104_1401,0.492434127,0.506,0.433333333
2018_1104_1403,0.492377778,0.51,0.3
2018_1104_1411,0.501262698,0.512,0.733333333
2018_1104_1417,0.495037302,0.494,0.566666667
2018_1104_1420,0.520010317,0.552,0.733333333
2018_1104_1422,0.499711111,0.518,1
2018_1104_1437,0.514400794,0.53,0.115384615
2018_1104_1438,0.534214286,0.508,0.115384615
2018_1104_1439,0.52461746,0.526,0.446428571
2018_1104_1452,0.513665873,0.512,0
2018_1104_1455,0.535319048,0.51,0
2018_1104_1460,0.495485714,0.518,0.666666667
2018_1104_1462,0.514794444,0.486,0.115384615
2018_1112_1113,0.535865079,0.484,0.733333333
2018_1112_1116,0.546243651,0.524,0.5
2018_1112_1120,0.548259524,0.534,0.5
2018_1112_1137,0.484344444,0.474,0.833333333
2018_1112_1138,0.526176984,0.512,0.803571429
2018_1112_1139,0.518185714,0.536,0.7
2018_1112_1153,0.513055556,0.452,0.666666667
2018_1112_1155,0.496622222,0.47,0.428571429
2018_1112_1158,0.528073016,0.484,0.803571429
2018_1112_1166,0.491211111,0.458,0.333333333
2018_1112_1168,0.502279365,0.51,0.866666667
2018_1112_1172,0.453312698,0.492,0.764705882
2018_1112_1181,0.467802381,0.468,0.666666667
2018_1112_1196,0.52755,0.502,0.566666667
2018_1112_1199,0.47878254,0.434,1
2018_1112_1209,0.53966746,0.536,0.866666667
2018_1112_1211,0.501666667,0.494,0.5
2018_1112_1222,0.470710317,0.5,0.566666667
2018_1112_1233,0.510255556,0.498,0.866666667
2018_1112_1242,0.532778571,0.528,0.291666667
2018_1112_1243,0.468520635,0.5,1
2018_1112_1246,0.497053175,0.488,0.428571429
2018_1112_1252,0.510228571,0.496,0.866666667
2018_1112_1254,0.511648413,0.498,0.9
2018_1112_1260,0.502676984,0.492,0.733333333
2018_1112_1267,0.484037302,0.47,0.803571429
2018_1112_1274,0.467369048,0.404,0.566666667
2018_1112_1276,0.543630159,0.538,0.5
2018_1112_1277,0.503834127,0.492,0.5
2018_1112_1281,0.510752381,0.516,0.333333333
2018_1112_1285,0.460245238,0.41,0.833333333
2018_1112_1293,0.493566667,0.496,0.764705882
2018_1112_1300,0.510235714,0.5,0.9
2018_1112_1301,0.470407143,0.462,1
2018_1112_1305,0.46145873,0.458,0.5
2018_1112_1308,0.454853968,0.454,0.764705882
2018_1112_1314,0.417729365,0.432,0.666666667
2018_1112_1326,0.54242381,0.518,0.428571429
2018_1112_1328,0.481636508,0.454,0.7
2018_1112_1335,0.518553968,0.49,0.9
2018_1112_1344,0.510113492,0.51,0.7
2018_1112_1345,0.480199206,0.478,0.666666667
2018_1112_1347,0.50022619,0.416,0.9
2018_1112_1348,0.485527778,0.478,0.5
2018_1112_1355,0.459989683,0.464,0.764705882
2018_1112_1361,0.517988889,0.536,0.733333333
2018_1112_1371,0.52068254,0.496,0.333333333
2018_1112_1372,0.48416746,0.494,0.833333333
2018_1112_1382,0.494107143,0.458,0.733333333
2018_1112_1393,0.451881746,0.474,0.733333333
2018_1112_1395,0.47266746,0.468,0.566666667
2018_1112_1397,0.541038889,0.532,0.5
2018_1112_1400,0.511443651,0.518,0.7
2018_1112_1401,0.528444444,0.498,0.5
2018_1112_1403,0.52183254,0.492,0.5
2018_1112_1411,0.529153968,0.498,0.9
2018_1112_1417,0.50909127,0.466,0.733333333
2018_1112_1420,0.481469048,0.456,0.9
2018_1112_1422,0.556780952,0.502,0.803571429
2018_1112_1437,0.490406349,0.47,0.291666667
2018_1112_1438,0.516446825,0.498,0.291666667
2018_1112_1439,0.544166667,0.51,0.333333333
2018_1112_1452,0.480298413,0.458,0.428571429
2018_1112_1455,0.497927778,0.496,0.5
2018_1112_1460,0.53526746,0.464,0.833333333
2018_1112_1462,0.565603968,0.54,0.291666667
2018_1113_1116,0.473289683,0.526,1
2018_1113_1120,0.528294444,0.512,0.266666667
2018_1113_1137,0.485984921,0.494,1
2018_1113_1138,0.516712698,0.54,0.566666667
2018_1113_1139,0.49987619,0.502,0.666666667
2018_1113_1153,0.442365873,0.432,0
2018_1113_1155,0.479324603,0.438,0.3
2018_1113_1158,0.496814286,0.48,0.566666667
2018_1113_1166,0.513099206,0.5,0
2018_1113_1168,0.519507937,0.514,0.633333333
2018_1113_1172,0.443631746,0.496,0.533333333
2018_1113_1181,0.41722381,0.442,0
2018_1113_1196,0.536880159,0.508,0.410714286
2018_1113_1199,0.433650794,0.466,0.433333333
2018_1113_1209,0.524310317,0.54,0.633333333
2018_1113_1211,0.464038095,0.496,0.266666667
2018_1113_1222,0.477253175,0.49,0.410714286
2018_1113_1233,0.531677778,0.494,0.633333333
2018_1113_1242,0.515111111,0.55,0.666666667
2018_1113_1243,0.455011111,0.508,0.433333333
2018_1113_1246,0.501479365,0.5,0.3
2018_1113_1252,0.523080952,0.532,0.633333333
2018_1113_1254,0.554538095,0.522,0.666666667
2018_1113_1260,0.522552381,0.494,0.5
2018_1113_1267,0.507757937,0.49,0.566666667
2018_1113_1274,0.461643651,0.46,0.410714286
2018_1113_1276,0.51275873,0.484,0.318181818
2018_1113_1277,0.49728254,0.488,0.318181818
2018_1113_1281,0.570620635,0.554,0
2018_1113_1285,0.444926984,0.458,1
2018_1113_1293,0.442519048,0.474,0.533333333
2018_1113_1300,0.437310317,0.456,0.666666667
2018_1113_1301,0.483546825,0.5,0.433333333
2018_1113_1305,0.50125,0.526,1
2018_1113_1308,0.44320873,0.454,0.533333333
2018_1113_1314,0.409218254,0.446,0
2018_1113_1326,0.484360317,0.55,0.3
2018_1113_1328,0.471439683,0.478,0.666666667
2018_1113_1335,0.537042857,0.53,0.666666667
2018_1113_1344,0.53027619,0.558,0.666666667
2018_1113_1345,0.454438095,0.49,0
2018_1113_1347,0.433910317,0.426,0.666666667
2018_1113_1348,0.475680952,0.48,1
2018_1113_1355,0.455946032,0.502,0.533333333
2018_1113_1361,0.538746825,0.514,0.5
2018_1113_1371,0.461396032,0.484,0
2018_1113_1372,0.450503175,0.504,1
2018_1113_1382,0.491334127,0.488,0.5
2018_1113_1393,0.479103175,0.522,0.5
2018_1113_1395,0.490155556,0.506,0.410714286
2018_1113_1397,0.521175397,0.562,0.318181818
2018_1113_1400,0.499873016,0.52,0.666666667
2018_1113_1401,0.541561111,0.524,1
2018_1113_1403,0.479348413,0.528,0.318181818
2018_1113_1411,0.527680159,0.518,0.666666667
2018_1113_1417,0.500897619,0.506,0.5
2018_1113_1420,0.457175397,0.464,0.666666667
2018_1113_1422,0.52227381,0.518,0.566666667
2018_1113_1437,0.490639683,0.532,0.666666667
2018_1113_1438,0.530961905,0.494,0.666666667
2018_1113_1439,0.540169841,0.508,0
2018_1113_1452,0.463531746,0.46,0.3
2018_1113_1455,0.509446032,0.544,0.266666667
2018_1113_1460,0.570155556,0.542,1
2018_1113_1462,0.52883254,0.556,0.666666667
2018_1116_1120,0.449409524,0.466,0.5
2018_1116_1137,0.414129365,0.418,0.733333333
2018_1116_1138,0.428622222,0.406,0.7
2018_1116_1139,0.412262698,0.454,0.625
2018_1116_1153,0.394721429,0.398,0.333333333
2018_1116_1155,0.397981746,0.414,0.433333333
2018_1116_1158,0.459706349,0.486,0.7
2018_1116_1166,0.414326984,0.426,1
2018_1116_1168,0.485899206,0.454,0.5
2018_1116_1172,0.43478254,0.418,0.666666667
2018_1116_1181,0.423437302,0.434,0.333333333
2018_1116_1196,0.480914286,0.458,0.666666667
2018_1116_1199,0.434533333,0.422,0.566666667
2018_1116_1209,0.498030159,0.514,0.5
2018_1116_1211,0.41217619,0.452,0.5
2018_1116_1222,0.37770873,0.398,0.666666667
2018_1116_1233,0.449276984,0.466,0.5
2018_1116_1242,0.491856349,0.508,0.25
2018_1116_1243,0.397827778,0.39,0.566666667
2018_1116_1246,0.409574603,0.44,0.433333333
2018_1116_1252,0.454209524,0.466,0.5
2018_1116_1254,0.498447619,0.48,0.8
2018_1116_1260,0.457688095,0.486,0
2018_1116_1267,0.404927778,0.418,0.7
2018_1116_1274,0.389387302,0.41,0.666666667
2018_1116_1276,0.45809127,0.456,0.5
2018_1116_1277,0.428321429,0.43,0.5
2018_1116_1281,0.431698413,0.486,1
2018_1116_1285,0.355057143,0.382,0.733333333
2018_1116_1293,0.428461905,0.436,0.666666667
2018_1116_1300,0.383390476,0.428,0.8
2018_1116_1301,0.377161111,0.44,0.566666667
2018_1116_1305,0.462079365,0.446,0.5
2018_1116_1308,0.415457143,0.424,0.666666667
2018_1116_1314,0.346036508,0.394,0.333333333
2018_1116_1326,0.498852381,0.484,0.433333333
2018_1116_1328,0.401,0.456,0.625
2018_1116_1335,0.44955,0.448,0.8
2018_1116_1344,0.4322,0.45,0.625
2018_1116_1345,0.447707937,0.48,0.333333333
2018_1116_1347,0.366854762,0.412,0.8
2018_1116_1348,0.414815873,0.394,0.5
2018_1116_1355,0.370402381,0.432,0.666666667
2018_1116_1361,0.42765,0.474,0
2018_1116_1371,0.382860317,0.41,1
2018_1116_1372,0.41990873,0.386,0.733333333
2018_1116_1382,0.417419841,0.436,0
2018_1116_1393,0.442645238,0.468,0
2018_1116_1395,0.426756349,0.414,0.666666667
2018_1116_1397,0.473002381,0.472,0.5
2018_1116_1400,0.466756349,0.446,0.625
2018_1116_1401,0.457049206,0.47,0.5
2018_1116_1403,0.409253968,0.416,0.5
2018_1116_1411,0.468164286,0.444,0.8
2018_1116_1417,0.458907937,0.5,0
2018_1116_1420,0.426161905,0.432,0.8
2018_1116_1422,0.442086508,0.448,0.7
2018_1116_1437,0.484136508,0.478,0.25
2018_1116_1438,0.460134127,0.444,0.25
2018_1116_1439,0.445909524,0.454,1
2018_1116_1452,0.451624603,0.47,0.433333333
2018_1116_1455,0.488612698,0.462,0.5
2018_1116_1460,0.498896825,0.498,0.733333333
2018_1116_1462,0.505353968,0.464,0.25
2018_1120_1137,0.50230873,0.486,0.833333333
2018_1120_1138,0.527192063,0.536,0.803571429
2018_1120_1139,0.484888095,0.518,0.7
2018_1120_1153,0.521212698,0.526,0.666666667
2018_1120_1155,0.496503968,0.49,0.428571429
2018_1120_1158,0.514713492,0.518,0.803571429
2018_1120_1166,0.503011111,0.51,0.333333333
2018_1120_1168,0.528712698,0.524,0.866666667
2018_1120_1172,0.482603175,0.514,0.764705882
2018_1120_1181,0.517807143,0.494,0.666666667
2018_1120_1196,0.546080159,0.544,0.566666667
2018_1120_1199,0.529169048,0.504,1
2018_1120_1209,0.532185714,0.576,0.866666667
2018_1120_1211,0.518247619,0.524,0.5
2018_1120_1222,0.547509524,0.562,0.566666667
2018_1120_1233,0.541915079,0.484,0.866666667
2018_1120_1242,0.518788889,0.52,0.291666667
2018_1120_1243,0.527899206,0.534,1
2018_1120_1246,0.528104762,0.544,0.428571429
2018_1120_1252,0.5377,0.516,0.866666667
2018_1120_1254,0.517420635,0.492,0.9
2018_1120_1260,0.50462619,0.55,0.733333333
2018_1120_1267,0.501333333,0.496,0.803571429
2018_1120_1274,0.497015079,0.526,0.566666667
2018_1120_1276,0.522297619,0.484,0.5
2018_1120_1277,0.53195873,0.544,0.5
2018_1120_1281,0.522010317,0.542,0.333333333
2018_1120_1285,0.472800794,0.484,0.833333333
2018_1120_1293,0.508553175,0.48,0.764705882
2018_1120_1300,0.532872222,0.528,0.9
2018_1120_1301,0.531445238,0.546,1
2018_1120_1305,0.48467619,0.482,0.5
2018_1120_1308,0.492260317,0.532,0.764705882
2018_1120_1314,0.478755556,0.48,0.666666667
2018_1120_1326,0.489946032,0.488,0.428571429
2018_1120_1328,0.558000794,0.534,0.7
2018_1120_1335,0.535470635,0.52,0.9
2018_1120_1344,0.556422222,0.532,0.7
2018_1120_1345,0.538972222,0.526,0.666666667
2018_1120_1347,0.526151587,0.538,0.9
2018_1120_1348,0.541056349,0.536,0.5
2018_1120_1355,0.511398413,0.532,0.764705882
2018_1120_1361,0.530602381,0.522,0.733333333
2018_1120_1371,0.533793651,0.554,0.333333333
2018_1120_1372,0.502912698,0.498,0.833333333
2018_1120_1382,0.583322222,0.516,0.733333333
2018_1120_1393,0.529571429,0.526,0.733333333
2018_1120_1395,0.492769048,0.532,0.566666667
2018_1120_1397,0.500102381,0.522,0.5
2018_1120_1400,0.525299206,0.522,0.7
2018_1120_1401,0.540711905,0.548,0.5
2018_1120_1403,0.496236508,0.508,0.5
2018_1120_1411,0.532060317,0.558,0.9
2018_1120_1417,0.511988095,0.47,0.733333333
2018_1120_1420,0.471227778,0.524,0.9
2018_1120_1422,0.553570635,0.558,0.803571429
2018_1120_1437,0.511598413,0.536,0.291666667
2018_1120_1438,0.524046825,0.542,0.291666667
2018_1120_1439,0.538874603,0.528,0.333333333
2018_1120_1452,0.540980952,0.538,0.428571429
2018_1120_1455,0.54643254,0.56,0.5
2018_1120_1460,0.537693651,0.596,0.833333333
2018_1120_1462,0.538561905,0.566,0.291666667
2018_1137_1138,0.513757937,0.528,0.466666667
2018_1137_1139,0.503345238,0.534,0.366666667
2018_1137_1153,0.484783333,0.53,0.1
2018_1137_1155,0.511212698,0.454,0.2
2018_1137_1158,0.539507143,0.55,0.466666667
2018_1137_1166,0.51198254,0.55,0.3
2018_1137_1168,0.484206349,0.556,0.533333333
2018_1137_1172,0.493305556,0.49,0.433333333
2018_1137_1181,0.472843651,0.498,0.1
2018_1137_1196,0.472930952,0.5,0
2018_1137_1199,0.499261905,0.51,0.333333333
2018_1137_1209,0.539174603,0.566,0.533333333
2018_1137_1211,0.495761905,0.518,0.166666667
2018_1137_1222,0.528393651,0.536,0
2018_1137_1233,0.527353968,0.508,0.533333333
2018_1137_1242,0.509650794,0.53,0.066666667
2018_1137_1243,0.518881746,0.482,0.333333333
2018_1137_1246,0.53205,0.534,0.2
2018_1137_1252,0.498722222,0.526,0.533333333
2018_1137_1254,0.50199127,0.542,0.566666667
2018_1137_1260,0.536556349,0.544,0
2018_1137_1267,0.54586746,0.512,0.466666667
2018_1137_1274,0.505635714,0.514,0
2018_1137_1276,0.528611111,0.516,0.142857143
2018_1137_1277,0.454978571,0.506,0.142857143
2018_1137_1281,0.532371429,0.546,0.3
2018_1137_1285,0.491268254,0.48,0.5
2018_1137_1293,0.481984921,0.48,0.433333333
2018_1137_1300,0.468809524,0.5,0.566666667
2018_1137_1301,0.490138889,0.524,0.333333333
2018_1137_1305,0.506139683,0.518,0.266666667
2018_1137_1308,0.49562381,0.498,0.433333333
2018_1137_1314,0.445319841,0.492,0.1
2018_1137_1326,0.537651587,0.544,0.2
2018_1137_1328,0.522438095,0.5,0.366666667
2018_1137_1335,0.531247619,0.57,0.566666667
2018_1137_1344,0.507180952,0.534,0.366666667
2018_1137_1345,0.48892381,0.526,0.1
2018_1137_1347,0.492081746,0.5,0.566666667
2018_1137_1348,0.520268254,0.498,0.266666667
2018_1137_1355,0.525273016,0.524,0.433333333
2018_1137_1361,0.501378571,0.52,0
2018_1137_1371,0.534303968,0.522,0.3
2018_1137_1372,0.523180952,0.526,0.5
2018_1137_1382,0.489529365,0.51,0
2018_1137_1393,0.49672381,0.506,0
2018_1137_1395,0.528178571,0.566,0
2018_1137_1397,0.515776984,0.564,0.142857143
2018_1137_1400,0.532578571,0.52,0.366666667
2018_1137_1401,0.539479365,0.506,0.266666667
2018_1137_1403,0.532092063,0.504,0.142857143
2018_1137_1411,0.515723016,0.51,0.566666667
2018_1137_1417,0.531743651,0.506,0
2018_1137_1420,0.456293651,0.486,0.566666667
2018_1137_1422,0.514933333,0.49,0.466666667
2018_1137_1437,0.520526984,0.524,0.066666667
2018_1137_1438,0.501977778,0.516,0.066666667
2018_1137_1439,0.508751587,0.536,0.3
2018_1137_1452,0.480521429,0.504,0.2
2018_1137_1455,0.511430952,0.552,0.166666667
2018_1137_1460,0.513048413,0.552,0.5
2018_1137_1462,0.522288889,0.512,0.066666667
2018_1138_1139,0.536779365,0.46,0.4
2018_1138_1153,0.608862698,0.576,0.133333333
2018_1138_1155,0.552703968,0.556,0.2
2018_1138_1158,0.503125397,0.486,0.5
2018_1138_1166,0.520966667,0.476,0.333333333
2018_1138_1168,0.513719841,0.478,0.566666667
2018_1138_1172,0.479640476,0.464,0.333333333
2018_1138_1181,0.575766667,0.59,0.133333333
2018_1138_1196,0.467647619,0.466,0.266666667
2018_1138_1199,0.591516667,0.648,0
2018_1138_1209,0.498694444,0.496,0.566666667
2018_1138_1211,0.505579365,0.526,0.196428571
2018_1138_1222,0.499034127,0.518,0.266666667
2018_1138_1233,0.505187302,0.512,0.566666667
2018_1138_1242,0.49802381,0.458,0
2018_1138_1243,0.547706349,0.528,0
2018_1138_1246,0.538507143,0.534,0.2
2018_1138_1252,0.513238095,0.476,0.566666667
2018_1138_1254,0.487203968,0.48,0.6
2018_1138_1260,0.533420635,0.482,0.433333333
2018_1138_1267,0.519993651,0.496,0.5
2018_1138_1274,0.531998413,0.49,0.266666667
2018_1138_1276,0.556515873,0.464,0.166666667
2018_1138_1277,0.584014286,0.616,0.166666667
2018_1138_1281,0.507007143,0.45,0.333333333
2018_1138_1285,0.538797619,0.534,0.533333333
2018_1138_1293,0.551842857,0.556,0.333333333
2018_1138_1300,0.549765873,0.506,0.6
2018_1138_1301,0.483847619,0.464,0
2018_1138_1305,0.524001587,0.472,0.3
2018_1138_1308,0.609911905,0.596,0.333333333
2018_1138_1314,0.536611111,0.534,0.133333333
2018_1138_1326,0.499677778,0.5,0.2
2018_1138_1328,0.51751746,0.5,0.4
2018_1138_1335,0.519385714,0.47,0.6
2018_1138_1344,0.469465873,0.454,0.4
2018_1138_1345,0.51469127,0.512,0.133333333
2018_1138_1347,0.545344444,0.53,0.6
2018_1138_1348,0.532668254,0.562,0.3
2018_1138_1355,0.539903175,0.554,0.333333333
2018_1138_1361,0.532889683,0.522,0.433333333
2018_1138_1371,0.549938889,0.56,0.333333333
2018_1138_1372,0.552269048,0.562,0.533333333
2018_1138_1382,0.518692857,0.534,0.433333333
2018_1138_1393,0.500688095,0.466,0.433333333
2018_1138_1395,0.511420635,0.476,0.266666667
2018_1138_1397,0.504255556,0.51,0.166666667
2018_1138_1400,0.532510317,0.544,0.4
2018_1138_1401,0.472215873,0.49,0.3
2018_1138_1403,0.524416667,0.542,0.166666667
2018_1138_1411,0.522830952,0.492,0.6
2018_1138_1417,0.501454762,0.478,0.433333333
2018_1138_1420,0.584553175,0.554,0.6
2018_1138_1422,0.529549206,0.474,0.5
2018_1138_1437,0.517114286,0.504,0
2018_1138_1438,0.514205556,0.488,0
2018_1138_1439,0.515624603,0.504,0.333333333
2018_1138_1452,0.576242857,0.61,0.2
2018_1138_1455,0.54659127,0.52,0.196428571
2018_1138_1460,0.510289683,0.5,0.533333333
2018_1138_1462,0.519634127,0.47,0
2018_1139_1153,0.383106349,0.428,0.368421053
2018_1139_1155,0.408679365,0.416,0.333333333
2018_1139_1158,0.462962698,0.438,0.6
2018_1139_1166,0.427442857,0.454,0.433333333
2018_1139_1168,0.391063492,0.448,1
2018_1139_1172,0.434484921,0.462,0.566666667
2018_1139_1181,0.410078571,0.432,0.368421053
2018_1139_1196,0.440057937,0.428,0
2018_1139_1199,0.452329365,0.448,0.466666667
2018_1139_1209,0.486376984,0.504,1
2018_1139_1211,0.427583333,0.464,0.3
2018_1139_1222,0.388585714,0.402,0
2018_1139_1233,0.458869841,0.482,1
2018_1139_1242,0.453035714,0.444,0.333333333
2018_1139_1243,0.453719048,0.406,0.466666667
2018_1139_1246,0.457626984,0.496,0.333333333
2018_1139_1252,0.429859524,0.452,1
2018_1139_1254,0.486647619,0.476,0.7
2018_1139_1260,0.487365079,0.512,0.333333333
2018_1139_1267,0.439123016,0.46,0.6
2018_1139_1274,0.478807937,0.468,0
2018_1139_1276,0.444180952,0.46,0.2
2018_1139_1277,0.402465079,0.464,0.2
2018_1139_1281,0.459777778,0.492,0.433333333
2018_1139_1285,0.40080873,0.396,0.633333333
2018_1139_1293,0.428434921,0.474,0.566666667
2018_1139_1300,0.429234921,0.468,0.7
2018_1139_1301,0.428492063,0.456,0.466666667
2018_1139_1305,0.423457937,0.44,0.375
2018_1139_1308,0.442280952,0.416,0.566666667
2018_1139_1314,0.375324603,0.41,0.368421053
2018_1139_1326,0.416657937,0.49,0.333333333
2018_1139_1328,0.450480952,0.456,0.5
2018_1139_1335,0.433893651,0.478,0.7
2018_1139_1344,0.417096032,0.502,0.5
2018_1139_1345,0.420922222,0.472,0.368421053
2018_1139_1347,0.41866746,0.434,0.7
2018_1139_1348,0.390246825,0.436,0.375
2018_1139_1355,0.413268254,0.502,0.566666667
2018_1139_1361,0.446247619,0.474,0.333333333
2018_1139_1371,0.444001587,0.458,0.433333333
2018_1139_1372,0.446489683,0.46,0.633333333
2018_1139_1382,0.413149206,0.44,0.333333333
2018_1139_1393,0.480613492,0.47,0.333333333
2018_1139_1395,0.449842063,0.452,0
2018_1139_1397,0.467163492,0.46,0.2
2018_1139_1400,0.471231746,0.478,0.5
2018_1139_1401,0.471353968,0.482,0.375
2018_1139_1403,0.440665079,0.49,0.2
2018_1139_1411,0.467642063,0.456,0.7
2018_1139_1417,0.420961905,0.484,0.333333333
2018_1139_1420,0.412903175,0.452,0.7
2018_1139_1422,0.40032381,0.45,0.6
2018_1139_1437,0.482398413,0.476,0.333333333
2018_1139_1438,0.44725873,0.468,0.333333333
2018_1139_1439,0.409530952,0.438,0.433333333
2018_1139_1452,0.461923016,0.454,0.333333333
2018_1139_1455,0.458625397,0.458,0.3
2018_1139_1460,0.464711111,0.512,0.633333333
2018_1139_1462,0.477820635,0.452,0.333333333
2018_1153_1155,0.500502381,0.51,0
2018_1153_1158,0.514346825,0.508,0.866666667
2018_1153_1166,0.547207937,0.512,0.25
2018_1153_1168,0.498162698,0.576,0.928571429
2018_1153_1172,0.549686508,0.49,0.833333333
2018_1153_1181,0.469935714,0.516,0.5
2018_1153_1196,0.502361905,0.528,0.9
2018_1153_1199,0.473092857,0.504,0
2018_1153_1209,0.562684127,0.566,0.928571429
2018_1153_1211,0.536573016,0.546,0.333333333
2018_1153_1222,0.51808254,0.522,0.9
2018_1153_1233,0.541787302,0.54,0.928571429
2018_1153_1242,0.546238889,0.546,0.576923077
2018_1153_1243,0.525635714,0.584,0
2018_1153_1246,0.578947619,0.63,0
2018_1153_1252,0.537218254,0.542,0.928571429
2018_1153_1254,0.561150794,0.568,0.966666667
2018_1153_1260,0.510873016,0.532,1
2018_1153_1267,0.567931746,0.586,0.866666667
2018_1153_1274,0.545434921,0.562,0.9
2018_1153_1276,0.523652381,0.51,0.583333333
2018_1153_1277,0.512423016,0.506,0.583333333
2018_1153_1281,0.60222381,0.616,0.25
2018_1153_1285,0.471088095,0.498,0.9
2018_1153_1293,0.516631746,0.508,0.833333333
2018_1153_1300,0.515612698,0.52,0.966666667
2018_1153_1301,0.577181746,0.57,0
2018_1153_1305,0.572845238,0.558,0.666666667
2018_1153_1308,0.484594444,0.488,0.833333333
2018_1153_1314,0.420113492,0.502,0.5
2018_1153_1326,0.546834921,0.562,0
2018_1153_1328,0.553170635,0.578,0.631578947
2018_1153_1335,0.578038095,0.574,0.966666667
2018_1153_1344,0.599275397,0.604,0.631578947
2018_1153_1345,0.525855556,0.496,0.5
2018_1153_1347,0.506145238,0.544,0.966666667
2018_1153_1348,0.503547619,0.526,0.666666667
2018_1153_1355,0.570616667,0.588,0.833333333
2018_1153_1361,0.560088889,0.568,1
2018_1153_1371,0.540992857,0.508,0.25
2018_1153_1372,0.52687381,0.514,0.9
2018_1153_1382,0.520403175,0.508,1
2018_1153_1393,0.533348413,0.582,1
2018_1153_1395,0.557778571,0.576,0.9
2018_1153_1397,0.557962698,0.546,0.583333333
2018_1153_1400,0.571983333,0.564,0.631578947
2018_1153_1401,0.534126984,0.52,0.666666667
2018_1153_1403,0.541781746,0.538,0.583333333
2018_1153_1411,0.567995238,0.582,0.966666667
2018_1153_1417,0.543129365,0.57,1
2018_1153_1420,0.481939683,0.5,0.966666667
2018_1153_1422,0.5591,0.588,0.866666667
2018_1153_1437,0.533207937,0.546,0.576923077
2018_1153_1438,0.525456349,0.538,0.576923077
2018_1153_1439,0.556395238,0.548,0.25
2018_1153_1452,0.506230159,0.518,0
2018_1153_1455,0.533337302,0.568,0.333333333
2018_1153_1460,0.56094127,0.544,0.9
2018_1153_1462,0.522349206,0.532,0.576923077
2018_1155_1158,0.563326984,0.536,0.8
2018_1155_1166,0.508430952,0.584,0
2018_1155_1168,0.536984127,0.58,0.833333333
2018_1155_1172,0.514156349,0.54,0.589285714
2018_1155_1181,0.471816667,0.512,1
2018_1155_1196,0.580916667,0.618,1
2018_1155_1199,0.493706349,0.49,1
2018_1155_1209,0.572864286,0.574,0.833333333
2018_1155_1211,0.525107937,0.558,0.571428571
2018_1155_1222,0.571184921,0.566,1
2018_1155_1233,0.553923016,0.596,0.833333333
2018_1155_1242,0.529698413,0.552,0.15
2018_1155_1243,0.532960317,0.558,1
2018_1155_1246,0.530885714,0.57,0.5
2018_1155_1252,0.619722222,0.58,0.833333333
2018_1155_1254,0.592104762,0.608,0.866666667
2018_1155_1260,0.553011111,0.562,0.7
2018_1155_1267,0.538296032,0.566,0.8
2018_1155_1274,0.543433333,0.568,1
2018_1155_1276,0.525594444,0.516,0
2018_1155_1277,0.525951587,0.502,0
2018_1155_1281,0.578706349,0.624,0
2018_1155_1285,0.514019048,0.502,0.8
2018_1155_1293,0.499776984,0.496,0.589285714
2018_1155_1300,0.543051587,0.534,0.866666667
2018_1155_1301,0.521838095,0.538,1
2018_1155_1305,0.584415873,0.584,0.566666667
2018_1155_1308,0.541229365,0.526,0.589285714
2018_1155_1314,0.467070635,0.526,1
2018_1155_1326,0.54387619,0.56,0.5
2018_1155_1328,0.538738889,0.518,0.666666667
2018_1155_1335,0.567753968,0.588,0.866666667
2018_1155_1344,0.596527778,0.586,0.666666667
2018_1155_1345,0.549192857,0.566,1
2018_1155_1347,0.512746825,0.528,0.866666667
2018_1155_1348,0.543166667,0.486,0.566666667
2018_1155_1355,0.532511905,0.542,0.589285714
2018_1155_1361,0.564999206,0.588,0.7
2018_1155_1371,0.549287302,0.55,0
2018_1155_1372,0.515671429,0.528,0.8
2018_1155_1382,0.530615873,0.526,0.7
2018_1155_1393,0.547175397,0.532,0.7
2018_1155_1395,0.525610317,0.566,1
2018_1155_1397,0.58638254,0.576,0
2018_1155_1400,0.595352381,0.536,0.666666667
2018_1155_1401,0.53470873,0.57,0.566666667
2018_1155_1403,0.538670635,0.536,0
2018_1155_1411,0.552692063,0.57,0.866666667
2018_1155_1417,0.528284921,0.51,0.7
2018_1155_1420,0.517722222,0.518,0.866666667
2018_1155_1422,0.605295238,0.558,0.8
2018_1155_1437,0.582622222,0.592,0.15
2018_1155_1438,0.556888889,0.552,0.15
2018_1155_1439,0.539042063,0.55,0
2018_1155_1452,0.474451587,0.518,0.5
2018_1155_1455,0.563426984,0.546,0.571428571
2018_1155_1460,0.591888889,0.614,0.8
2018_1155_1462,0.555109524,0.586,0.15
2018_1158_1166,0.560306349,0.542,0.333333333
2018_1158_1168,0.527892063,0.53,0.566666667
2018_1158_1172,0.528811111,0.532,0.333333333
2018_1158_1181,0.54209127,0.568,0.133333333
2018_1158_1196,0.457070635,0.514,0.266666667
2018_1158_1199,0.602938889,0.612,0
2018_1158_1209,0.553538095,0.57,0.566666667
2018_1158_1211,0.594925397,0.588,0.196428571
2018_1158_1222,0.568800794,0.608,0.266666667
2018_1158_1233,0.55077381,0.514,0.566666667
2018_1158_1242,0.526365873,0.536,0
2018_1158_1243,0.566565079,0.56,0
2018_1158_1246,0.557773016,0.542,0.2
2018_1158_1252,0.578899206,0.544,0.566666667
2018_1158_1254,0.471960317,0.504,0.6
2018_1158_1260,0.510513492,0.5,0.433333333
2018_1158_1267,0.55792381,0.558,0.5
2018_1158_1274,0.584151587,0.556,0.266666667
2018_1158_1276,0.605915873,0.578,0.166666667
2018_1158_1277,0.583248413,0.578,0.166666667
2018_1158_1281,0.523457143,0.498,0.333333333
2018_1158_1285,0.568545238,0.61,0.533333333
2018_1158_1293,0.552024603,0.554,0.333333333
2018_1158_1300,0.611602381,0.626,0.6
2018_1158_1301,0.577965079,0.558,0
2018_1158_1305,0.499831746,0.508,0.3
2018_1158_1308,0.607454762,0.602,0.333333333
2018_1158_1314,0.557971429,0.536,0.133333333
2018_1158_1326,0.527184127,0.526,0.2
2018_1158_1328,0.590915079,0.568,0.4
2018_1158_1335,0.581057937,0.526,0.6
2018_1158_1344,0.522565079,0.51,0.4
2018_1158_1345,0.563993651,0.49,0.133333333
2018_1158_1347,0.607913492,0.596,0.6
2018_1158_1348,0.603359524,0.594,0.3
2018_1158_1355,0.57272381,0.574,0.333333333
2018_1158_1361,0.543264286,0.584,0.433333333
2018_1158_1371,0.607368254,0.596,0.333333333
2018_1158_1372,0.607326984,0.614,0.533333333
2018_1158_1382,0.564568254,0.58,0.433333333
2018_1158_1393,0.556905556,0.534,0.433333333
2018_1158_1395,0.54750873,0.54,0.266666667
2018_1158_1397,0.56031746,0.552,0.166666667
2018_1158_1400,0.548520635,0.54,0.4
2018_1158_1401,0.535916667,0.558,0.3
2018_1158_1403,0.555711111,0.602,0.166666667
2018_1158_1411,0.55567619,0.572,0.6
2018_1158_1417,0.516561111,0.508,0.433333333
2018_1158_1420,0.575924603,0.574,0.6
2018_1158_1422,0.54351746,0.56,0.5
2018_1158_1437,0.515092857,0.498,0
2018_1158_1438,0.557364286,0.574,0
2018_1158_1439,0.553435714,0.57,0.333333333
2018_1158_1452,0.575403175,0.562,0.2
2018_1158_1455,0.527402381,0.506,0.196428571
2018_1158_1460,0.54050873,0.52,0.533333333
2018_1158_1462,0.539954762,0.536,0
2018_1166_1168,0.482549206,0.534,0.733333333
2018_1166_1172,0.476034921,0.506,0.633333333
2018_1166_1181,0.473130952,0.464,0.75
2018_1166_1196,0.533264286,0.52,0.433333333
2018_1166_1199,0.46795,0.504,0.553571429
2018_1166_1209,0.523905556,0.546,0.733333333
2018_1166_1211,0.541968254,0.516,0.666666667
2018_1166_1222,0.509570635,0.542,0.433333333
2018_1166_1233,0.524816667,0.516,0.733333333
2018_1166_1242,0.524960317,0.504,0.129032258
2018_1166_1243,0.486312698,0.484,0.553571429
2018_1166_1246,0.520323016,0.516,1
2018_1166_1252,0.522300794,0.518,0.733333333
2018_1166_1254,0.544509524,0.514,0.766666667
2018_1166_1260,0.500847619,0.49,1
2018_1166_1267,0.469025397,0.514,0.666666667
2018_1166_1274,0.492249206,0.458,0.433333333
2018_1166_1276,0.501704762,0.528,0
2018_1166_1277,0.466870635,0.49,0
2018_1166_1281,0.555862698,0.518,0.5
2018_1166_1285,0.46943254,0.478,0.7
2018_1166_1293,0.43997619,0.498,0.633333333
2018_1166_1300,0.518716667,0.514,0.766666667
2018_1166_1301,0.506754762,0.502,0.553571429
2018_1166_1305,0.509712698,0.524,0
2018_1166_1308,0.474169048,0.472,0.633333333
2018_1166_1314,0.422118254,0.456,0.75
2018_1166_1326,0.51621746,0.536,1
2018_1166_1328,0.512833333,0.474,0.566666667
2018_1166_1335,0.523663492,0.5,0.766666667
2018_1166_1344,0.520269048,0.496,0.566666667
2018_1166_1345,0.488704762,0.546,0.75
2018_1166_1347,0.455837302,0.49,0.766666667
2018_1166_1348,0.466311905,0.506,0
2018_1166_1355,0.482501587,0.464,0.633333333
2018_1166_1361,0.51139127,0.528,1
2018_1166_1371,0.486464286,0.546,0.5
2018_1166_1372,0.458243651,0.53,0.7
2018_1166_1382,0.48984127,0.518,1
2018_1166_1393,0.496769841,0.476,1
2018_1166_1395,0.538561905,0.496,0.433333333
2018_1166_1397,0.534712698,0.556,0
2018_1166_1400,0.554394444,0.586,0.566666667
2018_1166_1401,0.476030159,0.518,0
2018_1166_1403,0.49480873,0.522,0
2018_1166_1411,0.557610317,0.534,0.766666667
2018_1166_1417,0.467252381,0.482,1
2018_1166_1420,0.470630952,0.504,0.766666667
2018_1166_1422,0.541569841,0.534,0.666666667
2018_1166_1437,0.518984921,0.53,0.129032258
2018_1166_1438,0.530257937,0.542,0.129032258
2018_1166_1439,0.517540476,0.508,0.5
2018_1166_1452,0.480723016,0.514,1
2018_1166_1455,0.503780952,0.556,0.666666667
2018_1166_1460,0.539064286,0.562,0.7
2018_1166_1462,0.575200794,0.532,0.129032258
2018_1168_1172,0.459677778,0.448,0.4
2018_1168_1181,0.468355556,0.486,0.071428571
2018_1168_1196,0.46097619,0.466,0.2
2018_1168_1199,0.499339683,0.494,0.3
2018_1168_1209,0.519522222,0.486,0.5
2018_1168_1211,0.479515873,0.474,0.133333333
2018_1168_1222,0.500301587,0.49,0.2
2018_1168_1233,0.495780952,0.47,0.5
2018_1168_1242,0.461365873,0.464,0.033333333
2018_1168_1243,0.450901587,0.49,0.3
2018_1168_1246,0.493888889,0.492,0.166666667
2018_1168_1252,0.46076746,0.476,0.5
2018_1168_1254,0.422811111,0.448,0.533333333
2018_1168_1260,0.464738889,0.492,0.366666667
2018_1168_1267,0.478161111,0.474,0.433333333
2018_1168_1274,0.495172222,0.478,0.2
2018_1168_1276,0.478468254,0.49,0
2018_1168_1277,0.481469841,0.504,0
2018_1168_1281,0.454075397,0.494,0.266666667
2018_1168_1285,0.468893651,0.478,0.466666667
2018_1168_1293,0.493857143,0.482,0.4
2018_1168_1300,0.499880952,0.454,0.533333333
2018_1168_1301,0.449580952,0.448,0.3
2018_1168_1305,0.49247381,0.494,0.5
2018_1168_1308,0.529184127,0.5,0.4
2018_1168_1314,0.479885714,0.468,0.071428571
2018_1168_1326,0.478975397,0.502,0.166666667
2018_1168_1328,0.464595238,0.464,0
2018_1168_1335,0.461465873,0.454,0.533333333
2018_1168_1344,0.444426984,0.434,0
2018_1168_1345,0.461651587,0.524,0.071428571
2018_1168_1347,0.487303968,0.508,0.533333333
2018_1168_1348,0.465983333,0.492,0.5
2018_1168_1355,0.48462381,0.474,0.4
2018_1168_1361,0.474400794,0.486,0.366666667
2018_1168_1371,0.515197619,0.52,0.266666667
2018_1168_1372,0.50294127,0.486,0.466666667
2018_1168_1382,0.461011905,0.474,0.366666667
2018_1168_1393,0.496564286,0.428,0.366666667
2018_1168_1395,0.460129365,0.462,0.2
2018_1168_1397,0.506592857,0.47,0
2018_1168_1400,0.481418254,0.478,0
2018_1168_1401,0.491275397,0.474,0.5
2018_1168_1403,0.499411111,0.484,0
2018_1168_1411,0.471872222,0.504,0.533333333
2018_1168_1417,0.453528571,0.466,0.366666667
2018_1168_1420,0.474780159,0.48,0.533333333
2018_1168_1422,0.498168254,0.482,0.433333333
2018_1168_1437,0.469106349,0.468,0.033333333
2018_1168_1438,0.498994444,0.478,0.033333333
2018_1168_1439,0.464388889,0.484,0.266666667
2018_1168_1452,0.52267381,0.472,0.166666667
2018_1168_1455,0.454677778,0.464,0.133333333
2018_1168_1460,0.44447619,0.47,0.466666667
2018_1168_1462,0.508934127,0.5,0.033333333
2018_1172_1181,0.474631746,0.496,0.166666667
2018_1172_1196,0.47312619,0.512,0.3
2018_1172_1199,0.52825,0.528,0.4
2018_1172_1209,0.535192063,0.518,0.6
2018_1172_1211,0.487627778,0.498,0.235294118
2018_1172_1222,0.484235714,0.478,0.3
2018_1172_1233,0.4975,0.512,0.6
2018_1172_1242,0.533426984,0.546,0
2018_1172_1243,0.51857619,0.494,0.4
2018_1172_1246,0.518801587,0.464,0.410714286
2018_1172_1252,0.482062698,0.494,0.6
2018_1172_1254,0.502986508,0.494,0.633333333
2018_1172_1260,0.504865873,0.558,0.466666667
2018_1172_1267,0.516150794,0.49,0.666666667
2018_1172_1274,0.498695238,0.496,0.3
2018_1172_1276,0.473143651,0.53,0.2
2018_1172_1277,0.504610317,0.51,0.2
2018_1172_1281,0.521596032,0.55,0.366666667
2018_1172_1285,0.494559524,0.466,0.566666667
2018_1172_1293,0.496026984,0.524,0.5
2018_1172_1300,0.465995238,0.516,0.633333333
2018_1172_1301,0.529751587,0.502,0.4
2018_1172_1305,0.481045238,0.546,0.333333333
2018_1172_1308,0.489571429,0.528,0.5
2018_1172_1314,0.470911905,0.494,0.166666667
2018_1172_1326,0.519751587,0.542,0.410714286
2018_1172_1328,0.498446825,0.488,0.433333333
2018_1172_1335,0.523523016,0.522,0.633333333
2018_1172_1344,0.502604762,0.528,0.433333333
2018_1172_1345,0.501937302,0.546,0.166666667
2018_1172_1347,0.489684127,0.502,0.633333333
2018_1172_1348,0.473755556,0.472,0.333333333
2018_1172_1355,0.523083333,0.51,0.5
2018_1172_1361,0.493165873,0.498,0.466666667
2018_1172_1371,0.488396825,0.528,0.366666667
2018_1172_1372,0.505496825,0.534,0.566666667
2018_1172_1382,0.502292857,0.486,0.466666667
2018_1172_1393,0.522034127,0.496,0.466666667
2018_1172_1395,0.496469841,0.478,0.3
2018_1172_1397,0.508053175,0.54,0.2
2018_1172_1400,0.509146032,0.532,0.433333333
2018_1172_1401,0.482481746,0.464,0.333333333
2018_1172_1403,0.490745238,0.48,0.2
2018_1172_1411,0.478028571,0.474,0.633333333
2018_1172_1417,0.488086508,0.484,0.466666667
2018_1172_1420,0.488286508,0.492,0.633333333
2018_1172_1422,0.456886508,0.48,0.666666667
2018_1172_1437,0.512589683,0.526,0
2018_1172_1438,0.519819841,0.52,0
2018_1172_1439,0.506223016,0.5,0.366666667
2018_1172_1452,0.550330159,0.528,0.410714286
2018_1172_1455,0.464319841,0.538,0.235294118
2018_1172_1460,0.536596032,0.52,0.566666667
2018_1172_1462,0.481001587,0.534,0
2018_1181_1196,0.462186508,0.466,0.9
2018_1181_1199,0.483618254,0.502,0
2018_1181_1209,0.476359524,0.506,0.928571429
2018_1181_1211,0.517439683,0.566,0.333333333
2018_1181_1222,0.507192857,0.466,0.9
2018_1181_1233,0.473361905,0.528,0.928571429
2018_1181_1242,0.492519841,0.478,0.576923077
2018_1181_1243,0.532965873,0.578,0
2018_1181_1246,0.560188889,0.6,0
2018_1181_1252,0.466934127,0.472,0.928571429
2018_1181_1254,0.493929365,0.496,0.966666667
2018_1181_1260,0.463998413,0.476,1
2018_1181_1267,0.54986746,0.588,0.866666667
2018_1181_1274,0.56522619,0.584,0.9
2018_1181_1276,0.503455556,0.532,0.583333333
2018_1181_1277,0.474365873,0.492,0.583333333
2018_1181_1281,0.501192857,0.512,0.25
2018_1181_1285,0.491020635,0.49,0.9
2018_1181_1293,0.476857937,0.494,0.833333333
2018_1181_1300,0.491303968,0.54,0.966666667
2018_1181_1301,0.568420635,0.57,0
2018_1181_1305,0.534276984,0.586,0.666666667
2018_1181_1308,0.479746825,0.476,0.833333333
2018_1181_1314,0.456286508,0.5,0.5
2018_1181_1326,0.514447619,0.492,0
2018_1181_1328,0.536606349,0.584,0.631578947
2018_1181_1335,0.541411905,0.574,0.966666667
2018_1181_1344,0.536046032,0.538,0.631578947
2018_1181_1345,0.515477778,0.578,0.5
2018_1181_1347,0.515222222,0.532,0.966666667
2018_1181_1348,0.484351587,0.478,0.666666667
2018_1181_1355,0.557385714,0.596,0.833333333
2018_1181_1361,0.4895,0.468,1
2018_1181_1371,0.515903968,0.516,0.25
2018_1181_1372,0.524389683,0.52,0.9
2018_1181_1382,0.553605556,0.546,1
2018_1181_1393,0.527976984,0.582,1
2018_1181_1395,0.522878571,0.538,0.9
2018_1181_1397,0.492747619,0.506,0.583333333
2018_1181_1400,0.517495238,0.586,0.631578947
2018_1181_1401,0.457124603,0.47,0.666666667
2018_1181_1403,0.535289683,0.532,0.583333333
2018_1181_1411,0.54946746,0.546,0.966666667
2018_1181_1417,0.52167381,0.488,1
2018_1181_1420,0.511811111,0.484,0.966666667
2018_1181_1422,0.491538889,0.494,0.866666667
2018_1181_1437,0.484634921,0.512,0.576923077
2018_1181_1438,0.474897619,0.484,0.576923077
2018_1181_1439,0.53458254,0.494,0.25
2018_1181_1452,0.52979127,0.506,0
2018_1181_1455,0.522013492,0.542,0.333333333
2018_1181_1460,0.478211905,0.506,0.9
2018_1181_1462,0.481906349,0.504,0.576923077
2018_1196_1199,0.470203175,0.46,0.6
2018_1196_1209,0.501796032,0.464,0.8
2018_1196_1211,0.416087302,0.424,0.433333333
2018_1196_1222,0.41227381,0.426,0.5
2018_1196_1233,0.438096825,0.432,0.8
2018_1196_1242,0.473172222,0.474,0
2018_1196_1243,0.44325,0.446,0.6
2018_1196_1246,0.468997619,0.428,0
2018_1196_1252,0.41482619,0.384,0.8
2018_1196_1254,0.414083333,0.406,0.833333333
2018_1196_1260,0.465159524,0.48,0.589285714
2018_1196_1267,0.451999206,0.4,0.733333333
2018_1196_1274,0.437549206,0.454,0.5
2018_1196_1276,0.463702381,0.432,0.296296296
2018_1196_1277,0.498699206,0.48,0.296296296
2018_1196_1281,0.402762698,0.438,0.566666667
2018_1196_1285,0.434500794,0.468,1
2018_1196_1293,0.46272619,0.488,0.7
2018_1196_1300,0.42672381,0.416,0.833333333
2018_1196_1301,0.413427778,0.408,0.6
2018_1196_1305,0.445157937,0.41,0.333333333
2018_1196_1308,0.493363492,0.488,0.7
2018_1196_1314,0.418753175,0.446,0.1
2018_1196_1326,0.474229365,0.444,0
2018_1196_1328,0.416011111,0.44,1
2018_1196_1335,0.442377778,0.422,0.833333333
2018_1196_1344,0.401061905,0.44,1
2018_1196_1345,0.472703175,0.492,0.1
2018_1196_1347,0.441924603,0.464,0.833333333
2018_1196_1348,0.427221429,0.444,0.333333333
2018_1196_1355,0.424424603,0.436,0.7
2018_1196_1361,0.436038095,0.458,0.589285714
2018_1196_1371,0.447302381,0.448,0.566666667
2018_1196_1372,0.439187302,0.442,1
2018_1196_1382,0.46250873,0.44,0.589285714
2018_1196_1393,0.489883333,0.46,0.589285714
2018_1196_1395,0.413226984,0.394,0.5
2018_1196_1397,0.477284921,0.442,0.296296296
2018_1196_1400,0.467493651,0.444,1
2018_1196_1401,0.428619048,0.386,0.333333333
2018_1196_1403,0.392592857,0.45,0.296296296
2018_1196_1411,0.43081746,0.46,0.833333333
2018_1196_1417,0.439122222,0.418,0.589285714
2018_1196_1420,0.476244444,0.498,0.833333333
2018_1196_1422,0.378966667,0.398,0.733333333
2018_1196_1437,0.465643651,0.456,0
2018_1196_1438,0.4402,0.436,0
2018_1196_1439,0.408230952,0.42,0.566666667
2018_1196_1452,0.513264286,0.544,0
2018_1196_1455,0.475315079,0.46,0.433333333
2018_1196_1460,0.479013492,0.454,1
2018_1196_1462,0.426757937,0.42,0
2018_1199_1209,0.528151587,0.548,0.7
2018_1199_1211,0.538296032,0.496,0
2018_1199_1222,0.533930159,0.528,0.4
2018_1199_1233,0.490170635,0.522,0.7
2018_1199_1242,0.556369048,0.538,0.115384615
2018_1199_1243,0.510422222,0.544,0.5
2018_1199_1246,0.52987381,0.578,0
2018_1199_1252,0.516402381,0.51,0.7
2018_1199_1254,0.528226984,0.538,0.733333333
2018_1199_1260,0.492711905,0.534,0.566666667
2018_1199_1267,0.557586508,0.53,1
2018_1199_1274,0.571851587,0.524,0.4
2018_1199_1276,0.47537619,0.486,0.3
2018_1199_1277,0.495524603,0.482,0.3
2018_1199_1281,0.547619841,0.54,0.446428571
2018_1199_1285,0.519836508,0.496,0.666666667
2018_1199_1293,0.483406349,0.474,0.6
2018_1199_1300,0.523275397,0.52,0.733333333
2018_1199_1301,0.534392857,0.538,0.5
2018_1199_1305,0.553497619,0.528,0.433333333
2018_1199_1308,0.451697619,0.488,0.6
2018_1199_1314,0.521823016,0.516,1
2018_1199_1326,0.547446032,0.542,0
2018_1199_1328,0.556616667,0.54,0.533333333
2018_1199_1335,0.545409524,0.496,0.733333333
2018_1199_1344,0.547793651,0.53,0.533333333
2018_1199_1345,0.490214286,0.518,1
2018_1199_1347,0.502583333,0.518,0.733333333
2018_1199_1348,0.513781746,0.514,0.433333333
2018_1199_1355,0.527616667,0.558,0.6
2018_1199_1361,0.530907143,0.506,0.566666667
2018_1199_1371,0.522309524,0.556,0.446428571
2018_1199_1372,0.513434921,0.548,0.666666667
2018_1199_1382,0.520593651,0.454,0.566666667
2018_1199_1393,0.51692381,0.534,0.566666667
2018_1199_1395,0.544152381,0.526,0.4
2018_1199_1397,0.539802381,0.53,0.3
2018_1199_1400,0.512797619,0.546,0.533333333
2018_1199_1401,0.504299206,0.504,0.433333333
2018_1199_1403,0.54189127,0.554,0.3
2018_1199_1411,0.550604762,0.556,0.733333333
2018_1199_1417,0.518368254,0.51,0.566666667
2018_1199_1420,0.503165873,0.504,0.733333333
2018_1199_1422,0.535056349,0.546,1
2018_1199_1437,0.480452381,0.502,0.115384615
2018_1199_1438,0.520412698,0.486,0.115384615
2018_1199_1439,0.542238889,0.52,0.446428571
2018_1199_1452,0.49441746,0.456,0
2018_1199_1455,0.476318254,0.524,0
2018_1199_1460,0.51682619,0.482,0.666666667
2018_1199_1462,0.505920635,0.53,0.115384615
2018_1209_1211,0.469701587,0.492,0.133333333
2018_1209_1222,0.47799127,0.434,0.2
2018_1209_1233,0.492630159,0.428,0.5
2018_1209_1242,0.453327778,0.444,0.033333333
2018_1209_1243,0.4639,0.412,0.3
2018_1209_1246,0.459702381,0.48,0.166666667
2018_1209_1252,0.431504762,0.494,0.5
2018_1209_1254,0.451744444,0.482,0.533333333
2018_1209_1260,0.47147619,0.526,0.366666667
2018_1209_1267,0.489466667,0.454,0.433333333
2018_1209_1274,0.475130952,0.472,0.2
2018_1209_1276,0.482535714,0.458,0
2018_1209_1277,0.503474603,0.45,0
2018_1209_1281,0.43108254,0.47,0.266666667
2018_1209_1285,0.459685714,0.454,0.466666667
2018_1209_1293,0.503633333,0.456,0.4
2018_1209_1300,0.4593,0.462,0.533333333
2018_1209_1301,0.451923016,0.47,0.3
2018_1209_1305,0.439342063,0.446,0.5
2018_1209_1308,0.51987381,0.458,0.4
2018_1209_1314,0.451349206,0.41,0.071428571
2018_1209_1326,0.448894444,0.476,0.166666667
2018_1209_1328,0.451880952,0.492,0
2018_1209_1335,0.45160873,0.462,0.533333333
2018_1209_1344,0.477465873,0.426,0
2018_1209_1345,0.469580159,0.452,0.071428571
2018_1209_1347,0.474838889,0.488,0.533333333
2018_1209_1348,0.478049206,0.438,0.5
2018_1209_1355,0.454531746,0.458,0.4
2018_1209_1361,0.460078571,0.476,0.366666667
2018_1209_1371,0.528309524,0.474,0.266666667
2018_1209_1372,0.460342857,0.482,0.466666667
2018_1209_1382,0.4634,0.406,0.366666667
2018_1209_1393,0.49025873,0.47,0.366666667
2018_1209_1395,0.489570635,0.472,0.2
2018_1209_1397,0.462684127,0.49,0
2018_1209_1400,0.516754762,0.47,0
2018_1209_1401,0.402181746,0.5,0.5
2018_1209_1403,0.487003968,0.472,0
2018_1209_1411,0.450643651,0.424,0.533333333
2018_1209_1417,0.432378571,0.47,0.366666667
2018_1209_1420,0.480585714,0.468,0.533333333
2018_1209_1422,0.436952381,0.464,0.433333333
2018_1209_1437,0.483415873,0.502,0.033333333
2018_1209_1438,0.499601587,0.484,0.033333333
2018_1209_1439,0.46772619,0.476,0.266666667
2018_1209_1452,0.525786508,0.468,0.166666667
2018_1209_1455,0.46699127,0.446,0.133333333
2018_1209_1460,0.483687302,0.468,0.466666667
2018_1209_1462,0.455342857,0.446,0.033333333
2018_1211_1222,0.48241746,0.472,0.566666667
2018_1211_1233,0.511687302,0.514,0.866666667
2018_1211_1242,0.509728571,0.522,0.291666667
2018_1211_1243,0.48779127,0.478,1
2018_1211_1246,0.505376984,0.494,0.428571429
2018_1211_1252,0.502729365,0.482,0.866666667
2018_1211_1254,0.519260317,0.51,0.9
2018_1211_1260,0.47389127,0.48,0.733333333
2018_1211_1267,0.478919841,0.448,0.803571429
2018_1211_1274,0.48211746,0.402,0.566666667
2018_1211_1276,0.484006349,0.46,0.5
2018_1211_1277,0.492495238,0.48,0.5
2018_1211_1281,0.545486508,0.552,0.333333333
2018_1211_1285,0.431679365,0.442,0.833333333
2018_1211_1293,0.460259524,0.448,0.764705882
2018_1211_1300,0.497365079,0.456,0.9
2018_1211_1301,0.489707143,0.464,1
2018_1211_1305,0.498960317,0.492,0.5
2018_1211_1308,0.435156349,0.416,0.764705882
2018_1211_1314,0.415146032,0.46,0.666666667
2018_1211_1326,0.492316667,0.514,0.428571429
2018_1211_1328,0.482707937,0.452,0.7
2018_1211_1335,0.489533333,0.476,0.9
2018_1211_1344,0.486279365,0.546,0.7
2018_1211_1345,0.481678571,0.444,0.666666667
2018_1211_1347,0.441847619,0.446,0.9
2018_1211_1348,0.455064286,0.454,0.5
2018_1211_1355,0.49108254,0.452,0.764705882
2018_1211_1361,0.51658254,0.504,0.733333333
2018_1211_1371,0.463581746,0.458,0.333333333
2018_1211_1372,0.470564286,0.48,0.833333333
2018_1211_1382,0.47817619,0.47,0.733333333
2018_1211_1393,0.494706349,0.49,0.733333333
2018_1211_1395,0.526049206,0.474,0.566666667
2018_1211_1397,0.507219841,0.52,0.5
2018_1211_1400,0.493130952,0.522,0.7
2018_1211_1401,0.477216667,0.528,0.5
2018_1211_1403,0.483542857,0.45,0.5
2018_1211_1411,0.529434921,0.486,0.9
2018_1211_1417,0.458059524,0.5,0.733333333
2018_1211_1420,0.452769048,0.424,0.9
2018_1211_1422,0.510321429,0.5,0.803571429
2018_1211_1437,0.556204762,0.518,0.291666667
2018_1211_1438,0.507900794,0.462,0.291666667
2018_1211_1439,0.497602381,0.504,0.333333333
2018_1211_1452,0.459169048,0.448,0.428571429
2018_1211_1455,0.513115873,0.486,0.5
2018_1211_1460,0.52317381,0.544,0.833333333
2018_1211_1462,0.52627619,0.51,0.291666667
2018_1222_1233,0.503312698,0.472,0.8
2018_1222_1242,0.455051587,0.474,0
2018_1222_1243,0.48635,0.484,0.6
2018_1222_1246,0.500396825,0.49,0
2018_1222_1252,0.524646032,0.502,0.8
2018_1222_1254,0.490235714,0.528,0.833333333
2018_1222_1260,0.508711111,0.502,0.589285714
2018_1222_1267,0.464943651,0.442,0.733333333
2018_1222_1274,0.436977778,0.482,0.5
2018_1222_1276,0.484592857,0.448,0.296296296
2018_1222_1277,0.490794444,0.466,0.296296296
2018_1222_1281,0.495999206,0.488,0.566666667
2018_1222_1285,0.457114286,0.452,1
2018_1222_1293,0.483959524,0.486,0.7
2018_1222_1300,0.471271429,0.514,0.833333333
2018_1222_1301,0.480990476,0.484,0.6
2018_1222_1305,0.48203254,0.416,0.333333333
2018_1222_1308,0.481812698,0.472,0.7
2018_1222_1314,0.406927778,0.42,0.1
2018_1222_1326,0.468252381,0.474,0
2018_1222_1328,0.481593651,0.444,1
2018_1222_1335,0.48581746,0.502,0.833333333
2018_1222_1344,0.489801587,0.506,1
2018_1222_1345,0.492818254,0.462,0.1
2018_1222_1347,0.460048413,0.446,0.833333333
2018_1222_1348,0.453442063,0.49,0.333333333
2018_1222_1355,0.463471429,0.484,0.7
2018_1222_1361,0.499547619,0.486,0.589285714
2018_1222_1371,0.495795238,0.484,0.566666667
2018_1222_1372,0.483592857,0.508,1
2018_1222_1382,0.470095238,0.502,0.589285714
2018_1222_1393,0.464588095,0.502,0.589285714
2018_1222_1395,0.459766667,0.456,0.5
2018_1222_1397,0.509331746,0.474,0.296296296
2018_1222_1400,0.516603968,0.486,1
2018_1222_1401,0.490696825,0.506,0.333333333
2018_1222_1403,0.497607937,0.486,0.296296296
2018_1222_1411,0.489328571,0.472,0.833333333
2018_1222_1417,0.470602381,0.466,0.589285714
2018_1222_1420,0.460094444,0.492,0.833333333
2018_1222_1422,0.500653175,0.446,0.733333333
2018_1222_1437,0.497722222,0.5,0
2018_1222_1438,0.496985714,0.464,0
2018_1222_1439,0.531557143,0.488,0.566666667
2018_1222_1452,0.501442063,0.522,0
2018_1222_1455,0.522144444,0.496,0.433333333
2018_1222_1460,0.527261111,0.558,1
2018_1222_1462,0.518498413,0.458,0
2018_1233_1242,0.467511111,0.51,0.033333333
2018_1233_1243,0.46007619,0.458,0.3
2018_1233_1246,0.5111,0.522,0.166666667
2018_1233_1252,0.516277778,0.472,0.5
2018_1233_1254,0.471849206,0.476,0.533333333
2018_1233_1260,0.526373016,0.478,0.366666667
2018_1233_1267,0.477000794,0.438,0.433333333
2018_1233_1274,0.494618254,0.524,0.2
2018_1233_1276,0.495419048,0.492,0
2018_1233_1277,0.44596746,0.492,0
2018_1233_1281,0.519336508,0.514,0.266666667
2018_1233_1285,0.461836508,0.46,0.466666667
2018_1233_1293,0.484353968,0.482,0.4
2018_1233_1300,0.479768254,0.446,0.533333333
2018_1233_1301,0.450118254,0.478,0.3
2018_1233_1305,0.500483333,0.47,0.5
2018_1233_1308,0.510248413,0.476,0.4
2018_1233_1314,0.434687302,0.46,0.071428571
2018_1233_1326,0.502134921,0.492,0.166666667
2018_1233_1328,0.492761111,0.482,0
2018_1233_1335,0.526742857,0.52,0.533333333
2018_1233_1344,0.453004762,0.5,0
2018_1233_1345,0.497137302,0.504,0.071428571
2018_1233_1347,0.486592063,0.474,0.533333333
2018_1233_1348,0.483892857,0.472,0.5
2018_1233_1355,0.500220635,0.496,0.4
2018_1233_1361,0.502490476,0.47,0.366666667
2018_1233_1371,0.512792857,0.452,0.266666667
2018_1233_1372,0.52250873,0.482,0.466666667
2018_1233_1382,0.470687302,0.502,0.366666667
2018_1233_1393,0.478429365,0.51,0.366666667
2018_1233_1395,0.489196825,0.486,0.2
2018_1233_1397,0.522356349,0.554,0
2018_1233_1400,0.495572222,0.468,0
2018_1233_1401,0.537343651,0.486,0.5
2018_1233_1403,0.509878571,0.466,0
2018_1233_1411,0.463065873,0.458,0.533333333
2018_1233_1417,0.50256746,0.474,0.366666667
2018_1233_1420,0.476145238,0.488,0.533333333
2018_1233_1422,0.50531746,0.452,0.433333333
2018_1233_1437,0.492144444,0.518,0.033333333
2018_1233_1438,0.512839683,0.47,0.033333333
2018_1233_1439,0.502146032,0.474,0.266666667
2018_1233_1452,0.482809524,0.48,0.166666667
2018_1233_1455,0.513819048,0.512,0.133333333
2018_1233_1460,0.531345238,0.506,0.466666667
2018_1233_1462,0.531377778,0.474,0.033333333
2018_1242_1243,0.44573254,0.422,0.884615385
2018_1242_1246,0.451395238,0.416,0.85
2018_1242_1252,0.438364286,0.496,0.966666667
2018_1242_1254,0.470669841,0.468,1
2018_1242_1260,0.480106349,0.5,0.333333333
2018_1242_1267,0.410839683,0.414,1
2018_1242_1274,0.434900794,0.456,1
2018_1242_1276,0.486354762,0.502,0.642857143
2018_1242_1277,0.434533333,0.47,0.642857143
2018_1242_1281,0.447892063,0.472,0.870967742
2018_1242_1285,0.428519841,0.41,0.933333333
2018_1242_1293,0.437588095,0.478,1
2018_1242_1300,0.40506746,0.404,1
2018_1242_1301,0.421511905,0.43,0.884615385
2018_1242_1305,0.452879365,0.43,0.75
2018_1242_1308,0.46257381,0.404,1
2018_1242_1314,0.456826984,0.414,0.423076923
2018_1242_1326,0.459834127,0.454,0.85
2018_1242_1328,0.422947619,0.438,0.666666667
2018_1242_1335,0.416933333,0.392,1
2018_1242_1344,0.453193651,0.408,0.666666667
2018_1242_1345,0.453976984,0.434,0.423076923
2018_1242_1347,0.442846825,0.458,1
2018_1242_1348,0.472104762,0.462,0.75
2018_1242_1355,0.439405556,0.432,1
2018_1242_1361,0.460122222,0.478,0.333333333
2018_1242_1371,0.459523016,0.476,0.870967742
2018_1242_1372,0.423069841,0.42,0.933333333
2018_1242_1382,0.442490476,0.43,0.333333333
2018_1242_1393,0.456034127,0.446,0.333333333
2018_1242_1395,0.416143651,0.43,1
2018_1242_1397,0.465084127,0.456,0.642857143
2018_1242_1400,0.469742063,0.418,0.666666667
2018_1242_1401,0.469970635,0.474,0.75
2018_1242_1403,0.458946032,0.46,0.642857143
2018_1242_1411,0.46805873,0.452,1
2018_1242_1417,0.436801587,0.446,0.333333333
2018_1242_1420,0.470411111,0.47,1
2018_1242_1422,0.445365079,0.454,1
2018_1242_1437,0.439829365,0.488,0.5
2018_1242_1438,0.482388889,0.468,0.5
2018_1242_1439,0.448553175,0.45,0.870967742
2018_1242_1452,0.408265873,0.434,0.85
2018_1242_1455,0.457647619,0.486,0.708333333
2018_1242_1460,0.473403175,0.47,0.933333333
2018_1242_1462,0.473038889,0.464,0.5
2018_1243_1246,0.486974603,0.52,0
2018_1243_1252,0.499019841,0.508,0.7
2018_1243_1254,0.498787302,0.526,0.733333333
2018_1243_1260,0.504736508,0.478,0.566666667
2018_1243_1267,0.524574603,0.522,1
2018_1243_1274,0.494922222,0.512,0.4
2018_1243_1276,0.478148413,0.48,0.3
2018_1243_1277,0.487297619,0.468,0.3
2018_1243_1281,0.528511905,0.492,0.446428571
2018_1243_1285,0.468400794,0.464,0.666666667
2018_1243_1293,0.497295238,0.504,0.6
2018_1243_1300,0.475034127,0.436,0.733333333
2018_1243_1301,0.497638889,0.488,0.5
2018_1243_1305,0.519964286,0.508,0.433333333
2018_1243_1308,0.468550794,0.466,0.6
2018_1243_1314,0.423715079,0.43,1
2018_1243_1326,0.486483333,0.504,0
2018_1243_1328,0.487131746,0.476,0.533333333
2018_1243_1335,0.5146,0.508,0.733333333
2018_1243_1344,0.498868254,0.5,0.533333333
2018_1243_1345,0.483581746,0.51,1
2018_1243_1347,0.469916667,0.482,0.733333333
2018_1243_1348,0.495179365,0.456,0.433333333
2018_1243_1355,0.488459524,0.522,0.6
2018_1243_1361,0.50840873,0.538,0.566666667
2018_1243_1371,0.48580873,0.5,0.446428571
2018_1243_1372,0.483601587,0.462,0.666666667
2018_1243_1382,0.476098413,0.48,0.566666667
2018_1243_1393,0.48945,0.504,0.566666667
2018_1243_1395,0.474092857,0.5,0.4
2018_1243_1397,0.499672222,0.504,0.3
2018_1243_1400,0.519545238,0.53,0.533333333
2018_1243_1401,0.513769048,0.51,0.433333333
2018_1243_1403,0.463072222,0.46,0.3
2018_1243_1411,0.508762698,0.528,0.733333333
2018_1243_1417,0.501393651,0.466,0.566666667
2018_1243_1420,0.435830159,0.452,0.733333333
2018_1243_1422,0.473983333,0.472,1
2018_1243_1437,0.52414127,0.518,0.115384615
2018_1243_1438,0.48945873,0.48,0.115384615
2018_1243_1439,0.520543651,0.508,0.446428571
2018_1243_1452,0.465484127,0.482,0
2018_1243_1455,0.462053968,0.54,0
2018_1243_1460,0.505653175,0.542,0.666666667
2018_1243_1462,0.51786746,0.5,0.115384615
2018_1246_1252,0.505753968,0.492,0.833333333
2018_1246_1254,0.571237302,0.562,0.866666667
2018_1246_1260,0.510211111,0.478,0.7
2018_1246_1267,0.502770635,0.452,0.8
2018_1246_1274,0.472484921,0.448,1
2018_1246_1276,0.498455556,0.48,0
2018_1246_1277,0.443320635,0.464,0
2018_1246_1281,0.555061111,0.566,0
2018_1246_1285,0.420712698,0.448,0.8
2018_1246_1293,0.447365873,0.45,0.589285714
2018_1246_1300,0.441427778,0.452,0.866666667
2018_1246_1301,0.495909524,0.484,1
2018_1246_1305,0.559886508,0.482,0.566666667
2018_1246_1308,0.410077778,0.422,0.589285714
2018_1246_1314,0.407015079,0.458,1
2018_1246_1326,0.52174127,0.528,0.5
2018_1246_1328,0.497011905,0.48,0.666666667
2018_1246_1335,0.474684921,0.496,0.866666667
2018_1246_1344,0.510726984,0.508,0.666666667
2018_1246_1345,0.467021429,0.452,1
2018_1246_1347,0.457818254,0.43,0.866666667
2018_1246_1348,0.490419841,0.47,0.566666667
2018_1246_1355,0.454278571,0.456,0.589285714
2018_1246_1361,0.506438095,0.48,0.7
2018_1246_1371,0.4437,0.428,0
2018_1246_1372,0.467769048,0.46,0.8
2018_1246_1382,0.482130952,0.462,0.7
2018_1246_1393,0.49368254,0.52,0.7
2018_1246_1395,0.458446032,0.466,1
2018_1246_1397,0.535270635,0.502,0
2018_1246_1400,0.503096825,0.512,0.666666667
2018_1246_1401,0.512595238,0.47,0.566666667
2018_1246_1403,0.485245238,0.438,0
2018_1246_1411,0.472565079,0.488,0.866666667
2018_1246_1417,0.509404762,0.524,0.7
2018_1246_1420,0.375306349,0.458,0.866666667
2018_1246_1422,0.503218254,0.51,0.8
2018_1246_1437,0.54739127,0.568,0.15
2018_1246_1438,0.580866667,0.546,0.15
2018_1246_1439,0.513880952,0.466,0
2018_1246_1452,0.429584127,0.394,0.5
2018_1246_1455,0.497236508,0.506,0.571428571
2018_1246_1460,0.545516667,0.554,0.8
2018_1246_1462,0.569453968,0.526,0.15
2018_1252_1254,0.537192857,0.524,0.533333333
2018_1252_1260,0.521565873,0.508,0.366666667
2018_1252_1267,0.478405556,0.47,0.433333333
2018_1252_1274,0.469071429,0.462,0.2
2018_1252_1276,0.519653968,0.498,0
2018_1252_1277,0.48912619,0.484,0
2018_1252_1281,0.505583333,0.526,0.266666667
2018_1252_1285,0.477530952,0.434,0.466666667
2018_1252_1293,0.46961746,0.46,0.4
2018_1252_1300,0.420434921,0.444,0.533333333
2018_1252_1301,0.450889683,0.426,0.3
2018_1252_1305,0.48844127,0.502,0.5
2018_1252_1308,0.46042381,0.444,0.4
2018_1252_1314,0.437757143,0.39,0.071428571
2018_1252_1326,0.496120635,0.496,0.166666667
2018_1252_1328,0.470772222,0.486,0
2018_1252_1335,0.487398413,0.504,0.533333333
2018_1252_1344,0.509937302,0.496,0
2018_1252_1345,0.479960317,0.496,0.071428571
2018_1252_1347,0.447715079,0.43,0.533333333
2018_1252_1348,0.480999206,0.448,0.5
2018_1252_1355,0.478479365,0.464,0.4
2018_1252_1361,0.515769048,0.49,0.366666667
2018_1252_1371,0.461352381,0.474,0.266666667
2018_1252_1372,0.432353175,0.418,0.466666667
2018_1252_1382,0.47906746,0.466,0.366666667
2018_1252_1393,0.440277778,0.472,0.366666667
2018_1252_1395,0.479965079,0.504,0.2
2018_1252_1397,0.535443651,0.51,0
2018_1252_1400,0.522296032,0.51,0
2018_1252_1401,0.502464286,0.528,0.5
2018_1252_1403,0.461393651,0.452,0
2018_1252_1411,0.518137302,0.484,0.533333333
2018_1252_1417,0.479987302,0.508,0.366666667
2018_1252_1420,0.485403175,0.486,0.533333333
2018_1252_1422,0.542207937,0.48,0.433333333
2018_1252_1437,0.505137302,0.502,0.033333333
2018_1252_1438,0.526178571,0.512,0.033333333
2018_1252_1439,0.488227778,0.494,0.266666667
2018_1252_1452,0.509192857,0.516,0.166666667
2018_1252_1455,0.49547381,0.504,0.133333333
2018_1252_1460,0.539271429,0.57,0.466666667
2018_1252_1462,0.531012698,0.52,0.033333333
2018_1254_1260,0.485503175,0.514,0.333333333
2018_1254_1267,0.513418254,0.458,0.4
2018_1254_1274,0.466414286,0.46,0.166666667
2018_1254_1276,0.498549206,0.512,0.066666667
2018_1254_1277,0.498889683,0.44,0.066666667
2018_1254_1281,0.480149206,0.444,0.233333333
2018_1254_1285,0.467152381,0.426,0.433333333
2018_1254_1293,0.490253175,0.508,0.366666667
2018_1254_1300,0.486387302,0.422,0.5
2018_1254_1301,0.511181746,0.462,0.266666667
2018_1254_1305,0.479646825,0.482,0.2
2018_1254_1308,0.47254127,0.44,0.366666667
2018_1254_1314,0.495863492,0.458,0.033333333
2018_1254_1326,0.472276984,0.462,0.133333333
2018_1254_1328,0.476085714,0.456,0.3
2018_1254_1335,0.475437302,0.46,0.5
2018_1254_1344,0.457771429,0.438,0.3
2018_1254_1345,0.470214286,0.46,0.033333333
2018_1254_1347,0.509592857,0.468,0.5
2018_1254_1348,0.468672222,0.432,0.2
2018_1254_1355,0.502687302,0.444,0.366666667
2018_1254_1361,0.475829365,0.462,0.333333333
2018_1254_1371,0.485399206,0.442,0.233333333
2018_1254_1372,0.469180159,0.476,0.433333333
2018_1254_1382,0.466386508,0.464,0.333333333
2018_1254_1393,0.531363492,0.444,0.333333333
2018_1254_1395,0.462796032,0.444,0.166666667
2018_1254_1397,0.480120635,0.428,0.066666667
2018_1254_1400,0.482218254,0.454,0.3
2018_1254_1401,0.489547619,0.48,0.2
2018_1254_1403,0.489339683,0.466,0.066666667
2018_1254_1411,0.479469048,0.482,0.5
2018_1254_1417,0.488289683,0.482,0.333333333
2018_1254_1420,0.485244444,0.48,0.5
2018_1254_1422,0.458165079,0.466,0.4
2018_1254_1437,0.499196032,0.514,0
2018_1254_1438,0.498187302,0.518,0
2018_1254_1439,0.448736508,0.444,0.233333333
2018_1254_1452,0.487886508,0.484,0.133333333
2018_1254_1455,0.50807619,0.542,0.1
2018_1254_1460,0.504750794,0.494,0.433333333
2018_1254_1462,0.486671429,0.504,0
2018_1260_1267,0.489963492,0.444,0.566666667
2018_1260_1274,0.501514286,0.48,0.410714286
2018_1260_1276,0.485215079,0.492,0.318181818
2018_1260_1277,0.519619048,0.508,0.318181818
2018_1260_1281,0.497165079,0.504,0
2018_1260_1285,0.46344127,0.464,1
2018_1260_1293,0.509788889,0.486,0.533333333
2018_1260_1300,0.46343254,0.482,0.666666667
2018_1260_1301,0.52291746,0.486,0.433333333
2018_1260_1305,0.471674603,0.448,1
2018_1260_1308,0.503803175,0.51,0.533333333
2018_1260_1314,0.487879365,0.432,0
2018_1260_1326,0.500600794,0.466,0.3
2018_1260_1328,0.505904762,0.472,0.666666667
2018_1260_1335,0.458742063,0.458,0.666666667
2018_1260_1344,0.47561746,0.462,0.666666667
2018_1260_1345,0.473470635,0.474,0
2018_1260_1347,0.508000794,0.48,0.666666667
2018_1260_1348,0.517898413,0.508,1
2018_1260_1355,0.462966667,0.454,0.533333333
2018_1260_1361,0.496247619,0.512,0.5
2018_1260_1371,0.508161905,0.484,0
2018_1260_1372,0.526318254,0.516,1
2018_1260_1382,0.507630159,0.46,0.5
2018_1260_1393,0.505209524,0.466,0.5
2018_1260_1395,0.494465079,0.486,0.410714286
2018_1260_1397,0.464250794,0.476,0.318181818
2018_1260_1400,0.51438254,0.466,0.666666667
2018_1260_1401,0.455838095,0.49,1
2018_1260_1403,0.511268254,0.48,0.318181818
2018_1260_1411,0.498638095,0.448,0.666666667
2018_1260_1417,0.453938889,0.506,0.5
2018_1260_1420,0.497131746,0.504,0.666666667
2018_1260_1422,0.442248413,0.44,0.566666667
2018_1260_1437,0.484115873,0.514,0.666666667
2018_1260_1438,0.500372222,0.498,0.666666667
2018_1260_1439,0.461596032,0.516,0
2018_1260_1452,0.497074603,0.51,0.3
2018_1260_1455,0.487268254,0.466,0.266666667
2018_1260_1460,0.492698413,0.512,1
2018_1260_1462,0.497097619,0.456,0.666666667
2018_1267_1274,0.495461905,0.49,0.266666667
2018_1267_1276,0.449943651,0.496,0.166666667
2018_1267_1277,0.47732619,0.482,0.166666667
2018_1267_1281,0.52255,0.522,0.333333333
2018_1267_1285,0.506048413,0.482,0.533333333
2018_1267_1293,0.456910317,0.472,0.333333333
2018_1267_1300,0.475695238,0.434,0.6
2018_1267_1301,0.486260317,0.494,0
2018_1267_1305,0.499119048,0.516,0.3
2018_1267_1308,0.478114286,0.452,0.333333333
2018_1267_1314,0.456257143,0.434,0.133333333
2018_1267_1326,0.532803175,0.478,0.2
2018_1267_1328,0.478065873,0.502,0.4
2018_1267_1335,0.496860317,0.514,0.6
2018_1267_1344,0.519853968,0.494,0.4
2018_1267_1345,0.478236508,0.498,0.133333333
2018_1267_1347,0.490629365,0.47,0.6
2018_1267_1348,0.473895238,0.512,0.3
2018_1267_1355,0.508065079,0.514,0.333333333
2018_1267_1361,0.517818254,0.532,0.433333333
2018_1267_1371,0.508688889,0.526,0.333333333
2018_1267_1372,0.495286508,0.454,0.533333333
2018_1267_1382,0.491673016,0.468,0.433333333
2018_1267_1393,0.517575397,0.498,0.433333333
2018_1267_1395,0.498099206,0.478,0.266666667
2018_1267_1397,0.536725397,0.514,0.166666667
2018_1267_1400,0.548271429,0.51,0.4
2018_1267_1401,0.510346825,0.562,0.3
2018_1267_1403,0.484745238,0.472,0.166666667
2018_1267_1411,0.491972222,0.484,0.6
2018_1267_1417,0.479001587,0.502,0.433333333
2018_1267_1420,0.460396032,0.51,0.6
2018_1267_1422,0.481209524,0.496,0.5
2018_1267_1437,0.566780952,0.572,0
2018_1267_1438,0.577144444,0.572,0
2018_1267_1439,0.518015873,0.56,0.333333333
2018_1267_1452,0.549392063,0.486,0.2
2018_1267_1455,0.49349127,0.504,0.196428571
2018_1267_1460,0.539790476,0.536,0.533333333
2018_1267_1462,0.53416746,0.458,0
2018_1274_1276,0.489618254,0.502,0.296296296
2018_1274_1277,0.502020635,0.498,0.296296296
2018_1274_1281,0.553637302,0.566,0.566666667
2018_1274_1285,0.503448413,0.488,1
2018_1274_1293,0.447926984,0.46,0.7
2018_1274_1300,0.521607937,0.554,0.833333333
2018_1274_1301,0.539330952,0.522,0.6
2018_1274_1305,0.545707937,0.49,0.333333333
2018_1274_1308,0.473700794,0.47,0.7
2018_1274_1314,0.410153968,0.496,0.1
2018_1274_1326,0.50721746,0.508,0
2018_1274_1328,0.534524603,0.504,1
2018_1274_1335,0.513598413,0.536,0.833333333
2018_1274_1344,0.539163492,0.538,1
2018_1274_1345,0.496565873,0.538,0.1
2018_1274_1347,0.450833333,0.486,0.833333333
2018_1274_1348,0.491920635,0.516,0.333333333
2018_1274_1355,0.490048413,0.52,0.7
2018_1274_1361,0.497060317,0.498,0.589285714
2018_1274_1371,0.519609524,0.542,0.566666667
2018_1274_1372,0.525979365,0.488,1
2018_1274_1382,0.492276984,0.518,0.589285714
2018_1274_1393,0.522919048,0.492,0.589285714
2018_1274_1395,0.579292063,0.52,0.5
2018_1274_1397,0.578412698,0.554,0.296296296
2018_1274_1400,0.508151587,0.508,1
2018_1274_1401,0.544374603,0.494,0.333333333
2018_1274_1403,0.502737302,0.552,0.296296296
2018_1274_1411,0.548219841,0.538,0.833333333
2018_1274_1417,0.52929127,0.514,0.589285714
2018_1274_1420,0.466253968,0.486,0.833333333
2018_1274_1422,0.533548413,0.57,0.733333333
2018_1274_1437,0.518226984,0.516,0
2018_1274_1438,0.524044444,0.552,0
2018_1274_1439,0.522937302,0.52,0.566666667
2018_1274_1452,0.486316667,0.484,0
2018_1274_1455,0.497539683,0.524,0.433333333
2018_1274_1460,0.535263492,0.57,1
2018_1274_1462,0.532284921,0.544,0
2018_1276_1277,0.565434127,0.518,0.5
2018_1276_1281,0.503365079,0.514,1
2018_1276_1285,0.512748413,0.526,0.857142857
2018_1276_1293,0.530549206,0.508,0.8
2018_1276_1300,0.518857937,0.514,0.933333333
2018_1276_1301,0.500778571,0.412,0.7
2018_1276_1305,0.478184921,0.446,0.5
2018_1276_1308,0.589774603,0.532,0.8
2018_1276_1314,0.497714286,0.518,0.416666667
2018_1276_1326,0.518806349,0.472,1
2018_1276_1328,0.524056349,0.48,0.8
2018_1276_1335,0.530444444,0.486,0.933333333
2018_1276_1344,0.476871429,0.482,0.8
2018_1276_1345,0.507634127,0.446,0.416666667
2018_1276_1347,0.495538095,0.496,0.933333333
2018_1276_1348,0.511011111,0.482,0.5
2018_1276_1355,0.545406349,0.49,0.8
2018_1276_1361,0.512810317,0.524,0.681818182
2018_1276_1371,0.524446825,0.524,1
2018_1276_1372,0.543703968,0.522,0.857142857
2018_1276_1382,0.52607381,0.486,0.681818182
2018_1276_1393,0.491230159,0.426,0.681818182
2018_1276_1395,0.509101587,0.49,0.703703704
2018_1276_1397,0.52400873,0.524,0.5
2018_1276_1400,0.522736508,0.492,0.8
2018_1276_1401,0.519303175,0.538,0.5
2018_1276_1403,0.527054762,0.536,0.5
2018_1276_1411,0.518495238,0.504,0.933333333
2018_1276_1417,0.51480873,0.5,0.681818182
2018_1276_1420,0.527029365,0.51,0.933333333
2018_1276_1422,0.542334921,0.51,0.833333333
2018_1276_1437,0.503993651,0.448,0.357142857
2018_1276_1438,0.516759524,0.496,0.357142857
2018_1276_1439,0.539371429,0.524,1
2018_1276_1452,0.552526984,0.518,1
2018_1276_1455,0.514088095,0.478,0.5
2018_1276_1460,0.488299206,0.46,0.857142857
2018_1276_1462,0.544596825,0.484,0.357142857
2018_1277_1281,0.54973254,0.55,1
2018_1277_1285,0.513181746,0.472,0.857142857
2018_1277_1293,0.516000794,0.48,0.8
2018_1277_1300,0.495387302,0.48,0.933333333
2018_1277_1301,0.564896825,0.538,0.7
2018_1277_1305,0.577939683,0.544,0.5
2018_1277_1308,0.534129365,0.47,0.8
2018_1277_1314,0.534211905,0.466,0.416666667
2018_1277_1326,0.507625397,0.496,1
2018_1277_1328,0.546204762,0.52,0.8
2018_1277_1335,0.530876984,0.558,0.933333333
2018_1277_1344,0.574223016,0.566,0.8
2018_1277_1345,0.52547381,0.514,0.416666667
2018_1277_1347,0.494528571,0.482,0.933333333
2018_1277_1348,0.539064286,0.488,0.5
2018_1277_1355,0.538946032,0.556,0.8
2018_1277_1361,0.527386508,0.468,0.681818182
2018_1277_1371,0.527268254,0.474,1
2018_1277_1372,0.516511905,0.504,0.857142857
2018_1277_1382,0.557366667,0.506,0.681818182
2018_1277_1393,0.522734921,0.536,0.681818182
2018_1277_1395,0.52091746,0.542,0.703703704
2018_1277_1397,0.527323016,0.546,0.5
2018_1277_1400,0.538603968,0.514,0.8
2018_1277_1401,0.481409524,0.496,0.5
2018_1277_1403,0.571726984,0.526,0.5
2018_1277_1411,0.554537302,0.526,0.933333333
2018_1277_1417,0.515826984,0.492,0.681818182
2018_1277_1420,0.524753175,0.458,0.933333333
2018_1277_1422,0.516457143,0.504,0.833333333
2018_1277_1437,0.499111111,0.488,0.357142857
2018_1277_1438,0.537094444,0.49,0.357142857
2018_1277_1439,0.532466667,0.478,1
2018_1277_1452,0.543042857,0.516,1
2018_1277_1455,0.514749206,0.522,0.5
2018_1277_1460,0.558971429,0.522,0.857142857
2018_1277_1462,0.504599206,0.512,0.357142857
2018_1281_1285,0.394380159,0.402,0.7
2018_1281_1293,0.436462698,0.442,0.633333333
2018_1281_1300,0.405552381,0.418,0.766666667
2018_1281_1301,0.390292857,0.438,0.553571429
2018_1281_1305,0.430834921,0.472,0
2018_1281_1308,0.461378571,0.404,0.633333333
2018_1281_1314,0.39924127,0.388,0.75
2018_1281_1326,0.444820635,0.478,1
2018_1281_1328,0.411674603,0.458,0.566666667
2018_1281_1335,0.476974603,0.468,0.766666667
2018_1281_1344,0.440915873,0.444,0.566666667
2018_1281_1345,0.418069048,0.474,0.75
2018_1281_1347,0.395922222,0.456,0.766666667
2018_1281_1348,0.431396032,0.46,0
2018_1281_1355,0.386955556,0.448,0.633333333
2018_1281_1361,0.467988889,0.452,1
2018_1281_1371,0.440254762,0.446,0.5
2018_1281_1372,0.39518254,0.408,0.7
2018_1281_1382,0.444438889,0.452,1
2018_1281_1393,0.41631746,0.464,1
2018_1281_1395,0.419399206,0.432,0.433333333
2018_1281_1397,0.473442857,0.496,0
2018_1281_1400,0.465673016,0.5,0.566666667
2018_1281_1401,0.502161905,0.482,0
2018_1281_1403,0.388979365,0.424,0
2018_1281_1411,0.421653175,0.446,0.766666667
2018_1281_1417,0.454890476,0.46,1
2018_1281_1420,0.460002381,0.468,0.766666667
2018_1281_1422,0.437354762,0.47,0.666666667
2018_1281_1437,0.429504762,0.462,0.129032258
2018_1281_1438,0.475980952,0.48,0.129032258
2018_1281_1439,0.454105556,0.468,0.5
2018_1281_1452,0.479038889,0.448,1
2018_1281_1455,0.441078571,0.51,0.666666667
2018_1281_1460,0.503236508,0.484,0.7
2018_1281_1462,0.462631746,0.47,0.129032258
2018_1285_1293,0.481934921,0.508,0.433333333
2018_1285_1300,0.524623016,0.53,0.566666667
2018_1285_1301,0.558735714,0.568,0.333333333
2018_1285_1305,0.544588095,0.538,0.266666667
2018_1285_1308,0.507938889,0.522,0.433333333
2018_1285_1314,0.478514286,0.51,0.1
2018_1285_1326,0.541787302,0.55,0.2
2018_1285_1328,0.584015079,0.552,0.366666667
2018_1285_1335,0.599451587,0.582,0.566666667
2018_1285_1344,0.57024127,0.57,0.366666667
2018_1285_1345,0.52584127,0.534,0.1
2018_1285_1347,0.541342063,0.506,0.566666667
2018_1285_1348,0.531238095,0.556,0.266666667
2018_1285_1355,0.553626984,0.546,0.433333333
2018_1285_1361,0.570178571,0.586,0
2018_1285_1371,0.534036508,0.606,0.3
2018_1285_1372,0.490678571,0.54,0.5
2018_1285_1382,0.526543651,0.524,0
2018_1285_1393,0.508809524,0.526,0
2018_1285_1395,0.574992857,0.57,0
2018_1285_1397,0.553436508,0.548,0.142857143
2018_1285_1400,0.569820635,0.612,0.366666667
2018_1285_1401,0.546673016,0.532,0.266666667
2018_1285_1403,0.52372381,0.568,0.142857143
2018_1285_1411,0.568224603,0.554,0.566666667
2018_1285_1417,0.526919841,0.526,0
2018_1285_1420,0.527249206,0.538,0.566666667
2018_1285_1422,0.596545238,0.564,0.466666667
2018_1285_1437,0.494562698,0.522,0.066666667
2018_1285_1438,0.543044444,0.544,0.066666667
2018_1285_1439,0.544357937,0.54,0.3
2018_1285_1452,0.52434127,0.49,0.2
2018_1285_1455,0.525126984,0.534,0.166666667
2018_1285_1460,0.542061111,0.568,0.5
2018_1285_1462,0.585272222,0.626,0.066666667
2018_1293_1300,0.546942857,0.552,0.633333333
2018_1293_1301,0.544206349,0.548,0.4
2018_1293_1305,0.526442857,0.546,0.333333333
2018_1293_1308,0.512945238,0.454,0.5
2018_1293_1314,0.50667619,0.544,0.166666667
2018_1293_1326,0.521395238,0.566,0.410714286
2018_1293_1328,0.544871429,0.536,0.433333333
2018_1293_1335,0.567896825,0.564,0.633333333
2018_1293_1344,0.586197619,0.56,0.433333333
2018_1293_1345,0.502088889,0.53,0.166666667
2018_1293_1347,0.539875397,0.538,0.633333333
2018_1293_1348,0.543861111,0.526,0.333333333
2018_1293_1355,0.564446032,0.542,0.5
2018_1293_1361,0.537724603,0.524,0.466666667
2018_1293_1371,0.561415079,0.538,0.366666667
2018_1293_1372,0.494621429,0.524,0.566666667
2018_1293_1382,0.589671429,0.524,0.466666667
2018_1293_1393,0.526530159,0.516,0.466666667
2018_1293_1395,0.534753968,0.576,0.3
2018_1293_1397,0.539986508,0.546,0.2
2018_1293_1400,0.541005556,0.512,0.433333333
2018_1293_1401,0.543307937,0.554,0.333333333
2018_1293_1403,0.544863492,0.518,0.2
2018_1293_1411,0.57876746,0.528,0.633333333
2018_1293_1417,0.541210317,0.574,0.466666667
2018_1293_1420,0.511124603,0.492,0.633333333
2018_1293_1422,0.529366667,0.528,0.666666667
2018_1293_1437,0.506936508,0.55,0
2018_1293_1438,0.528392063,0.516,0
2018_1293_1439,0.567030159,0.516,0.366666667
2018_1293_1452,0.529806349,0.538,0.410714286
2018_1293_1455,0.491826984,0.534,0.235294118
2018_1293_1460,0.523062698,0.524,0.566666667
2018_1293_1462,0.513716667,0.514,0
2018_1300_1301,0.511590476,0.524,0.266666667
2018_1300_1305,0.547995238,0.55,0.2
2018_1300_1308,0.480803175,0.462,0.366666667
2018_1300_1314,0.450874603,0.456,0.033333333
2018_1300_1326,0.553585714,0.582,0.133333333
2018_1300_1328,0.540605556,0.512,0.3
2018_1300_1335,0.52249127,0.564,0.5
2018_1300_1344,0.549515079,0.558,0.3
2018_1300_1345,0.518888889,0.544,0.033333333
2018_1300_1347,0.499611905,0.496,0.5
2018_1300_1348,0.4932,0.496,0.2
2018_1300_1355,0.500310317,0.532,0.366666667
2018_1300_1361,0.539438095,0.53,0.333333333
2018_1300_1371,0.505595238,0.54,0.233333333
2018_1300_1372,0.516430952,0.5,0.433333333
2018_1300_1382,0.515455556,0.544,0.333333333
2018_1300_1393,0.491238095,0.538,0.333333333
2018_1300_1395,0.539580159,0.558,0.166666667
2018_1300_1397,0.561265873,0.55,0.066666667
2018_1300_1400,0.55075873,0.574,0.3
2018_1300_1401,0.528269841,0.526,0.2
2018_1300_1403,0.483605556,0.572,0.066666667
2018_1300_1411,0.517044444,0.582,0.5
2018_1300_1417,0.515407143,0.576,0.333333333
2018_1300_1420,0.478772222,0.49,0.5
2018_1300_1422,0.542180159,0.596,0.4
2018_1300_1437,0.570793651,0.546,0
2018_1300_1438,0.57454127,0.528,0
2018_1300_1439,0.497505556,0.514,0.233333333
2018_1300_1452,0.493824603,0.518,0.133333333
2018_1300_1455,0.575851587,0.544,0.1
2018_1300_1460,0.56137381,0.598,0.433333333
2018_1300_1462,0.534104762,0.562,0
2018_1301_1305,0.517998413,0.542,0.433333333
2018_1301_1308,0.430003175,0.484,0.6
2018_1301_1314,0.41613254,0.462,1
2018_1301_1326,0.560907143,0.538,0
2018_1301_1328,0.499340476,0.458,0.533333333
2018_1301_1335,0.514349206,0.51,0.733333333
2018_1301_1344,0.544542857,0.546,0.533333333
2018_1301_1345,0.462859524,0.476,1
2018_1301_1347,0.43897619,0.478,0.733333333
2018_1301_1348,0.463794444,0.482,0.433333333
2018_1301_1355,0.446105556,0.472,0.6
2018_1301_1361,0.531022222,0.524,0.566666667
2018_1301_1371,0.484015079,0.484,0.446428571
2018_1301_1372,0.505873016,0.408,0.666666667
2018_1301_1382,0.482333333,0.468,0.566666667
2018_1301_1393,0.489466667,0.52,0.566666667
2018_1301_1395,0.538011905,0.48,0.4
2018_1301_1397,0.553703175,0.536,0.3
2018_1301_1400,0.552022222,0.568,0.533333333
2018_1301_1401,0.547936508,0.55,0.433333333
2018_1301_1403,0.477013492,0.476,0.3
2018_1301_1411,0.508739683,0.502,0.733333333
2018_1301_1417,0.473977778,0.5,0.566666667
2018_1301_1420,0.446843651,0.444,0.733333333
2018_1301_1422,0.526830159,0.494,1
2018_1301_1437,0.522368254,0.536,0.115384615
2018_1301_1438,0.525500794,0.522,0.115384615
2018_1301_1439,0.521893651,0.568,0.446428571
2018_1301_1452,0.48187619,0.46,0
2018_1301_1455,0.500376984,0.546,0
2018_1301_1460,0.583357937,0.582,0.666666667
2018_1301_1462,0.549288095,0.536,0.115384615
2018_1305_1308,0.502926984,0.464,0.666666667
2018_1305_1314,0.457145238,0.468,0.333333333
2018_1305_1326,0.525352381,0.536,0.433333333
2018_1305_1328,0.481280159,0.466,0.625
2018_1305_1335,0.508215079,0.474,0.8
2018_1305_1344,0.457146825,0.47,0.625
2018_1305_1345,0.425351587,0.49,0.333333333
2018_1305_1347,0.464134127,0.442,0.8
2018_1305_1348,0.467813492,0.47,0.5
2018_1305_1355,0.477728571,0.48,0.666666667
2018_1305_1361,0.528921429,0.506,0
2018_1305_1371,0.493463492,0.474,1
2018_1305_1372,0.444833333,0.49,0.733333333
2018_1305_1382,0.480838889,0.486,0
2018_1305_1393,0.498851587,0.49,0
2018_1305_1395,0.456322222,0.44,0.666666667
2018_1305_1397,0.500169048,0.494,0.5
2018_1305_1400,0.475072222,0.478,0.625
2018_1305_1401,0.509119841,0.512,0.5
2018_1305_1403,0.486120635,0.466,0.5
2018_1305_1411,0.479163492,0.454,0.8
2018_1305_1417,0.474228571,0.48,0
2018_1305_1420,0.473392063,0.448,0.8
2018_1305_1422,0.473752381,0.466,0.7
2018_1305_1437,0.45035,0.486,0.25
2018_1305_1438,0.517936508,0.502,0.25
2018_1305_1439,0.496300794,0.498,1
2018_1305_1452,0.458493651,0.444,0.433333333
2018_1305_1455,0.485950794,0.448,0.5
2018_1305_1460,0.499949206,0.5,0.733333333
2018_1305_1462,0.494220635,0.49,0.25
2018_1308_1314,0.514188889,0.482,0.166666667
2018_1308_1326,0.512577778,0.46,0.410714286
2018_1308_1328,0.578153968,0.562,0.433333333
2018_1308_1335,0.525038889,0.57,0.633333333
2018_1308_1344,0.569903175,0.556,0.433333333
2018_1308_1345,0.509769048,0.542,0.166666667
2018_1308_1347,0.487845238,0.548,0.633333333
2018_1308_1348,0.487076984,0.494,0.333333333
2018_1308_1355,0.542359524,0.556,0.5
2018_1308_1361,0.535549206,0.508,0.466666667
2018_1308_1371,0.521562698,0.56,0.366666667
2018_1308_1372,0.506002381,0.546,0.566666667
2018_1308_1382,0.484980952,0.542,0.466666667
2018_1308_1393,0.50812619,0.54,0.466666667
2018_1308_1395,0.544500794,0.5,0.3
2018_1308_1397,0.51163254,0.514,0.2
2018_1308_1400,0.496146032,0.526,0.433333333
2018_1308_1401,0.467984127,0.472,0.333333333
2018_1308_1403,0.491060317,0.548,0.2
2018_1308_1411,0.567662698,0.524,0.633333333
2018_1308_1417,0.553492857,0.534,0.466666667
2018_1308_1420,0.504265873,0.53,0.633333333
2018_1308_1422,0.549911905,0.552,0.666666667
2018_1308_1437,0.490322222,0.494,0
2018_1308_1438,0.530446032,0.492,0
2018_1308_1439,0.526544444,0.522,0.366666667
2018_1308_1452,0.515425397,0.52,0.410714286
2018_1308_1455,0.455409524,0.498,0.235294118
2018_1308_1460,0.519188095,0.488,0.566666667
2018_1308_1462,0.48344127,0.522,0
2018_1314_1326,0.536013492,0.546,0
2018_1314_1328,0.54865,0.566,0.631578947
2018_1314_1335,0.580099206,0.596,0.966666667
2018_1314_1344,0.571949206,0.574,0.631578947
2018_1314_1345,0.499163492,0.5,0.5
2018_1314_1347,0.535111111,0.528,0.966666667
2018_1314_1348,0.543833333,0.548,0.666666667
2018_1314_1355,0.571438889,0.61,0.833333333
2018_1314_1361,0.556566667,0.534,1
2018_1314_1371,0.536974603,0.54,0.25
2018_1314_1372,0.497952381,0.534,0.9
2018_1314_1382,0.573612698,0.512,1
2018_1314_1393,0.546366667,0.53,1
2018_1314_1395,0.561953175,0.582,0.9
2018_1314_1397,0.543440476,0.544,0.583333333
2018_1314_1400,0.556754762,0.538,0.631578947
2018_1314_1401,0.568807143,0.55,0.666666667
2018_1314_1403,0.557645238,0.558,0.583333333
2018_1314_1411,0.566433333,0.554,0.966666667
2018_1314_1417,0.533895238,0.558,1
2018_1314_1420,0.497125397,0.53,0.966666667
2018_1314_1422,0.565303175,0.574,0.866666667
2018_1314_1437,0.553136508,0.524,0.576923077
2018_1314_1438,0.539010317,0.538,0.576923077
2018_1314_1439,0.541903175,0.56,0.25
2018_1314_1452,0.499036508,0.538,0
2018_1314_1455,0.554538889,0.528,0.333333333
2018_1314_1460,0.531053968,0.518,0.9
2018_1314_1462,0.580342063,0.546,0.576923077
2018_1326_1328,0.494050794,0.492,0.666666667
2018_1326_1335,0.446101587,0.486,0.866666667
2018_1326_1344,0.495156349,0.49,0.666666667
2018_1326_1345,0.428660317,0.45,1
2018_1326_1347,0.490329365,0.474,0.866666667
2018_1326_1348,0.498886508,0.476,0.566666667
2018_1326_1355,0.47255873,0.494,0.589285714
2018_1326_1361,0.48422381,0.492,0.7
2018_1326_1371,0.510245238,0.512,0
2018_1326_1372,0.447025397,0.448,0.8
2018_1326_1382,0.467492857,0.484,0.7
2018_1326_1393,0.497995238,0.516,0.7
2018_1326_1395,0.477140476,0.494,1
2018_1326_1397,0.493046825,0.494,0
2018_1326_1400,0.466684921,0.448,0.666666667
2018_1326_1401,0.47003254,0.488,0.566666667
2018_1326_1403,0.484203968,0.488,0
2018_1326_1411,0.454080952,0.458,0.866666667
2018_1326_1417,0.46222619,0.472,0.7
2018_1326_1420,0.488925397,0.486,0.866666667
2018_1326_1422,0.443750794,0.488,0.8
2018_1326_1437,0.464938889,0.526,0.15
2018_1326_1438,0.531912698,0.502,0.15
2018_1326_1439,0.493819841,0.474,0
2018_1326_1452,0.473562698,0.498,0.5
2018_1326_1455,0.486548413,0.486,0.571428571
2018_1326_1460,0.475204762,0.486,0.8
2018_1326_1462,0.48392619,0.492,0.15
2018_1328_1335,0.518604762,0.502,0.7
2018_1328_1344,0.540611111,0.514,0.5
2018_1328_1345,0.483319841,0.482,0.368421053
2018_1328_1347,0.452111905,0.494,0.7
2018_1328_1348,0.475920635,0.472,0.375
2018_1328_1355,0.493652381,0.498,0.566666667
2018_1328_1361,0.506756349,0.5,0.333333333
2018_1328_1371,0.494194444,0.5,0.433333333
2018_1328_1372,0.508692857,0.522,0.633333333
2018_1328_1382,0.512503175,0.486,0.333333333
2018_1328_1393,0.522142857,0.54,0.333333333
2018_1328_1395,0.528101587,0.496,0
2018_1328_1397,0.550161905,0.532,0.2
2018_1328_1400,0.500807143,0.518,0.5
2018_1328_1401,0.51037381,0.48,0.375
2018_1328_1403,0.502021429,0.496,0.2
2018_1328_1411,0.47866746,0.502,0.7
2018_1328_1417,0.437250794,0.482,0.333333333
2018_1328_1420,0.455587302,0.474,0.7
2018_1328_1422,0.509320635,0.548,0.6
2018_1328_1437,0.52770873,0.514,0.333333333
2018_1328_1438,0.540429365,0.538,0.333333333
2018_1328_1439,0.530200794,0.492,0.433333333
2018_1328_1452,0.47268254,0.504,0.333333333
2018_1328_1455,0.52248254,0.542,0.3
2018_1328_1460,0.56371746,0.556,0.633333333
2018_1328_1462,0.536395238,0.524,0.333333333
2018_1335_1344,0.483650794,0.466,0.3
2018_1335_1345,0.462630159,0.466,0.033333333
2018_1335_1347,0.439434921,0.424,0.5
2018_1335_1348,0.466594444,0.45,0.2
2018_1335_1355,0.452888095,0.436,0.366666667
2018_1335_1361,0.505786508,0.47,0.333333333
2018_1335_1371,0.475496032,0.476,0.233333333
2018_1335_1372,0.435455556,0.432,0.433333333
2018_1335_1382,0.472602381,0.514,0.333333333
2018_1335_1393,0.462757143,0.454,0.333333333
2018_1335_1395,0.517474603,0.452,0.166666667
2018_1335_1397,0.533894444,0.51,0.066666667
2018_1335_1400,0.521281746,0.518,0.3
2018_1335_1401,0.519105556,0.502,0.2
2018_1335_1403,0.501410317,0.478,0.066666667
2018_1335_1411,0.511030159,0.464,0.5
2018_1335_1417,0.434548413,0.46,0.333333333
2018_1335_1420,0.437324603,0.398,0.5
2018_1335_1422,0.498007143,0.49,0.4
2018_1335_1437,0.510736508,0.502,0
2018_1335_1438,0.518348413,0.504,0
2018_1335_1439,0.5082,0.456,0.233333333
2018_1335_1452,0.494183333,0.454,0.133333333
2018_1335_1455,0.517455556,0.512,0.1
2018_1335_1460,0.544952381,0.506,0.433333333
2018_1335_1462,0.544462698,0.496,0
2018_1344_1345,0.481919841,0.506,0.368421053
2018_1344_1347,0.420865079,0.442,0.7
2018_1344_1348,0.46850873,0.46,0.375
2018_1344_1355,0.428402381,0.448,0.566666667
2018_1344_1361,0.523838889,0.488,0.333333333
2018_1344_1371,0.4606,0.46,0.433333333
2018_1344_1372,0.445388889,0.456,0.633333333
2018_1344_1382,0.508635714,0.472,0.333333333
2018_1344_1393,0.473459524,0.496,0.333333333
2018_1344_1395,0.466615873,0.436,0
2018_1344_1397,0.521007143,0.518,0.2
2018_1344_1400,0.492163492,0.506,0.5
2018_1344_1401,0.533519841,0.496,0.375
2018_1344_1403,0.437350794,0.474,0.2
2018_1344_1411,0.49863254,0.472,0.7
2018_1344_1417,0.490257937,0.466,0.333333333
2018_1344_1420,0.457976984,0.482,0.7
2018_1344_1422,0.505134921,0.496,0.6
2018_1344_1437,0.467575397,0.492,0.333333333
2018_1344_1438,0.511838095,0.506,0.333333333
2018_1344_1439,0.525718254,0.498,0.433333333
2018_1344_1452,0.457653175,0.468,0.333333333
2018_1344_1455,0.500925397,0.53,0.3
2018_1344_1460,0.525246825,0.514,0.633333333
2018_1344_1462,0.491537302,0.53,0.333333333
2018_1345_1347,0.502866667,0.48,0.966666667
2018_1345_1348,0.501907937,0.496,0.666666667
2018_1345_1355,0.48055873,0.492,0.833333333
2018_1345_1361,0.469972222,0.46,1
2018_1345_1371,0.499060317,0.494,0.25
2018_1345_1372,0.482248413,0.512,0.9
2018_1345_1382,0.523643651,0.5,1
2018_1345_1393,0.501714286,0.526,1
2018_1345_1395,0.466038889,0.424,0.9
2018_1345_1397,0.50708254,0.502,0.583333333
2018_1345_1400,0.50407619,0.518,0.631578947
2018_1345_1401,0.469247619,0.498,0.666666667
2018_1345_1403,0.488599206,0.472,0.583333333
2018_1345_1411,0.479893651,0.458,0.966666667
2018_1345_1417,0.48332381,0.51,1
2018_1345_1420,0.502461905,0.494,0.966666667
2018_1345_1422,0.464664286,0.458,0.866666667
2018_1345_1437,0.489330952,0.492,0.576923077
2018_1345_1438,0.481838889,0.508,0.576923077
2018_1345_1439,0.50540873,0.484,0.25
2018_1345_1452,0.532373016,0.51,0
2018_1345_1455,0.482346032,0.478,0.333333333
2018_1345_1460,0.517372222,0.506,0.9
2018_1345_1462,0.52469127,0.52,0.576923077
2018_1347_1348,0.420892063,0.456,0.2
2018_1347_1355,0.473252381,0.522,0.366666667
2018_1347_1361,0.461703968,0.496,0.333333333
2018_1347_1371,0.45127381,0.492,0.233333333
2018_1347_1372,0.440187302,0.538,0.433333333
2018_1347_1382,0.51705,0.498,0.333333333
2018_1347_1393,0.470962698,0.498,0.333333333
2018_1347_1395,0.456275397,0.49,0.166666667
2018_1347_1397,0.457371429,0.464,0.066666667
2018_1347_1400,0.502138889,0.494,0.3
2018_1347_1401,0.467369841,0.49,0.2
2018_1347_1403,0.474915079,0.538,0.066666667
2018_1347_1411,0.486725397,0.512,0.5
2018_1347_1417,0.4935,0.466,0.333333333
2018_1347_1420,0.439581746,0.48,0.5
2018_1347_1422,0.511088889,0.49,0.4
2018_1347_1437,0.511119048,0.516,0
2018_1347_1438,0.47538254,0.438,0
2018_1347_1439,0.465509524,0.476,0.233333333
2018_1347_1452,0.4718,0.512,0.133333333
2018_1347_1455,0.485234127,0.472,0.1
2018_1347_1460,0.502323016,0.472,0.433333333
2018_1347_1462,0.509363492,0.528,0
2018_1348_1355,0.518965873,0.524,0.666666667
2018_1348_1361,0.492522222,0.526,0
2018_1348_1371,0.502901587,0.49,1
2018_1348_1372,0.49809127,0.488,0.733333333
2018_1348_1382,0.486038095,0.498,0
2018_1348_1393,0.510452381,0.5,0
2018_1348_1395,0.516226984,0.534,0.666666667
2018_1348_1397,0.521475397,0.556,0.5
2018_1348_1400,0.493520635,0.522,0.625
2018_1348_1401,0.486640476,0.52,0.5
2018_1348_1403,0.508237302,0.486,0.5
2018_1348_1411,0.51359127,0.524,0.8
2018_1348_1417,0.480969841,0.488,0
2018_1348_1420,0.500096032,0.544,0.8
2018_1348_1422,0.533672222,0.518,0.7
2018_1348_1437,0.500004762,0.514,0.25
2018_1348_1438,0.468838095,0.47,0.25
2018_1348_1439,0.43363254,0.444,1
2018_1348_1452,0.507756349,0.53,0.433333333
2018_1348_1455,0.530901587,0.542,0.5
2018_1348_1460,0.478665079,0.534,0.733333333
2018_1348_1462,0.532809524,0.5,0.25
2018_1355_1361,0.506142063,0.462,0.466666667
2018_1355_1371,0.500165873,0.494,0.366666667
2018_1355_1372,0.524807143,0.464,0.566666667
2018_1355_1382,0.515692857,0.494,0.466666667
2018_1355_1393,0.489779365,0.504,0.466666667
2018_1355_1395,0.506742857,0.504,0.3
2018_1355_1397,0.552138095,0.548,0.2
2018_1355_1400,0.464116667,0.46,0.433333333
2018_1355_1401,0.506119048,0.48,0.333333333
2018_1355_1403,0.509393651,0.492,0.2
2018_1355_1411,0.501283333,0.47,0.633333333
2018_1355_1417,0.503965873,0.512,0.466666667
2018_1355_1420,0.450729365,0.466,0.633333333
2018_1355_1422,0.52585,0.51,0.666666667
2018_1355_1437,0.525433333,0.536,0
2018_1355_1438,0.552943651,0.54,0
2018_1355_1439,0.524515079,0.508,0.366666667
2018_1355_1452,0.424230952,0.432,0.410714286
2018_1355_1455,0.47372381,0.506,0.235294118
2018_1355_1460,0.551436508,0.54,0.566666667
2018_1355_1462,0.545944444,0.512,0
2018_1361_1371,0.514660317,0.526,0
2018_1361_1372,0.461842857,0.468,1
2018_1361_1382,0.463884127,0.47,0.5
2018_1361_1393,0.459218254,0.488,0.5
2018_1361_1395,0.511474603,0.482,0.410714286
2018_1361_1397,0.511035714,0.488,0.318181818
2018_1361_1400,0.51868254,0.546,0.666666667
2018_1361_1401,0.534740476,0.562,1
2018_1361_1403,0.476112698,0.524,0.318181818
2018_1361_1411,0.508339683,0.522,0.666666667
2018_1361_1417,0.495796032,0.502,0.5
2018_1361_1420,0.495362698,0.488,0.666666667
2018_1361_1422,0.531444444,0.524,0.566666667
2018_1361_1437,0.481861905,0.484,0.666666667
2018_1361_1438,0.524646825,0.542,0.666666667
2018_1361_1439,0.501357143,0.49,0
2018_1361_1452,0.486579365,0.534,0.3
2018_1361_1455,0.501143651,0.51,0.266666667
2018_1361_1460,0.522319841,0.554,1
2018_1361_1462,0.496616667,0.502,0.666666667
2018_1371_1372,0.486939683,0.48,0.7
2018_1371_1382,0.453983333,0.472,1
2018_1371_1393,0.465492857,0.486,1
2018_1371_1395,0.501689683,0.482,0.433333333
2018_1371_1397,0.521085714,0.482,0
2018_1371_1400,0.529836508,0.486,0.566666667
2018_1371_1401,0.514834921,0.498,0
2018_1371_1403,0.484707937,0.526,0
2018_1371_1411,0.506680159,0.53,0.766666667
2018_1371_1417,0.466864286,0.516,1
2018_1371_1420,0.457361905,0.508,0.766666667
2018_1371_1422,0.529719841,0.512,0.666666667
2018_1371_1437,0.530151587,0.528,0.129032258
2018_1371_1438,0.454525397,0.452,0.129032258
2018_1371_1439,0.501720635,0.456,0.5
2018_1371_1452,0.51643254,0.526,1
2018_1371_1455,0.547980952,0.508,0.666666667
2018_1371_1460,0.529375397,0.534,0.7
2018_1371_1462,0.524569841,0.52,0.129032258
2018_1372_1382,0.472136508,0.43,0
2018_1372_1393,0.482478571,0.498,0
2018_1372_1395,0.535626984,0.476,0
2018_1372_1397,0.528694444,0.494,0.142857143
2018_1372_1400,0.554981746,0.478,0.366666667
2018_1372_1401,0.494292857,0.464,0.266666667
2018_1372_1403,0.517154762,0.506,0.142857143
2018_1372_1411,0.53637381,0.528,0.566666667
2018_1372_1417,0.510554762,0.5,0
2018_1372_1420,0.473450794,0.452,0.566666667
2018_1372_1422,0.546024603,0.5,0.466666667
2018_1372_1437,0.487274603,0.46,0.066666667
2018_1372_1438,0.487152381,0.414,0.066666667
2018_1372_1439,0.499053175,0.492,0.3
2018_1372_1452,0.505811905,0.478,0.2
2018_1372_1455,0.502196032,0.48,0.166666667
2018_1372_1460,0.522206349,0.48,0.5
2018_1372_1462,0.514715079,0.528,0.066666667
2018_1382_1393,0.507240476,0.466,0.5
2018_1382_1395,0.511045238,0.466,0.410714286
2018_1382_1397,0.557469841,0.548,0.318181818
2018_1382_1400,0.524062698,0.516,0.666666667
2018_1382_1401,0.521636508,0.48,1
2018_1382_1403,0.49265873,0.472,0.318181818
2018_1382_1411,0.514319048,0.444,0.666666667
2018_1382_1417,0.494562698,0.484,0.5
2018_1382_1420,0.455706349,0.472,0.666666667
2018_1382_1422,0.489031746,0.476,0.566666667
2018_1382_1437,0.528171429,0.546,0.666666667
2018_1382_1438,0.476746032,0.434,0.666666667
2018_1382_1439,0.522419841,0.488,0
2018_1382_1452,0.474947619,0.478,0.3
2018_1382_1455,0.506592857,0.504,0.266666667
2018_1382_1460,0.566273016,0.502,1
2018_1382_1462,0.5232,0.536,0.666666667
2018_1393_1395,0.481838095,0.476,0.410714286
2018_1393_1397,0.507165873,0.546,0.318181818
2018_1393_1400,0.481416667,0.514,0.666666667
2018_1393_1401,0.455096825,0.5,1
2018_1393_1403,0.472427778,0.466,0.318181818
2018_1393_1411,0.449784921,0.466,0.666666667
2018_1393_1417,0.484057937,0.506,0.5
2018_1393_1420,0.498137302,0.47,0.666666667
2018_1393_1422,0.472566667,0.464,0.566666667
2018_1393_1437,0.530039683,0.506,0.666666667
2018_1393_1438,0.518819841,0.508,0.666666667
2018_1393_1439,0.464261905,0.496,0
2018_1393_1452,0.509661111,0.49,0.3
2018_1393_1455,0.48632381,0.474,0.266666667
2018_1393_1460,0.518625397,0.536,1
2018_1393_1462,0.482853968,0.504,0.666666667
2018_1395_1397,0.52385,0.488,0.296296296
2018_1395_1400,0.552645238,0.522,1
2018_1395_1401,0.53997619,0.528,0.333333333
2018_1395_1403,0.497713492,0.53,0.296296296
2018_1395_1411,0.530184921,0.516,0.833333333
2018_1395_1417,0.494114286,0.494,0.589285714
2018_1395_1420,0.493784921,0.514,0.833333333
2018_1395_1422,0.572686508,0.544,0.733333333
2018_1395_1437,0.479006349,0.494,0
2018_1395_1438,0.52775,0.516,0
2018_1395_1439,0.552078571,0.544,0.566666667
2018_1395_1452,0.543007143,0.498,0
2018_1395_1455,0.528048413,0.51,0.433333333
2018_1395_1460,0.525756349,0.532,1
2018_1395_1462,0.547112698,0.532,0
2018_1397_1400,0.525161905,0.504,0.8
2018_1397_1401,0.518726984,0.514,0.5
2018_1397_1403,0.491220635,0.502,0.5
2018_1397_1411,0.526554762,0.484,0.933333333
2018_1397_1417,0.471264286,0.488,0.681818182
2018_1397_1420,0.496860317,0.488,0.933333333
2018_1397_1422,0.537971429,0.486,0.833333333
2018_1397_1437,0.509557143,0.484,0.357142857
2018_1397_1438,0.53103254,0.516,0.357142857
2018_1397_1439,0.518747619,0.494,1
2018_1397_1452,0.503953175,0.47,1
2018_1397_1455,0.494543651,0.51,0.5
2018_1397_1460,0.487000794,0.53,0.857142857
2018_1397_1462,0.545971429,0.518,0.357142857
2018_1400_1401,0.474401587,0.472,0.375
2018_1400_1403,0.508564286,0.506,0.2
2018_1400_1411,0.519765873,0.482,0.7
2018_1400_1417,0.513319048,0.434,0.333333333
2018_1400_1420,0.480601587,0.49,0.7
2018_1400_1422,0.540844444,0.466,0.6
2018_1400_1437,0.47415,0.458,0.333333333
2018_1400_1438,0.483550794,0.5,0.333333333
2018_1400_1439,0.494037302,0.516,0.433333333
2018_1400_1452,0.506188095,0.49,0.333333333
2018_1400_1455,0.508985714,0.48,0.3
2018_1400_1460,0.522107937,0.5,0.633333333
2018_1400_1462,0.51850873,0.486,0.333333333
2018_1401_1403,0.498443651,0.536,0.5
2018_1401_1411,0.489818254,0.504,0.8
2018_1401_1417,0.47362619,0.438,0
2018_1401_1420,0.495097619,0.484,0.8
2018_1401_1422,0.525074603,0.51,0.7
2018_1401_1437,0.467369841,0.496,0.25
2018_1401_1438,0.493660317,0.478,0.25
2018_1401_1439,0.485049206,0.514,1
2018_1401_1452,0.554483333,0.528,0.433333333
2018_1401_1455,0.478949206,0.498,0.5
2018_1401_1460,0.501874603,0.492,0.733333333
2018_1401_1462,0.49550873,0.494,0.25
2018_1403_1411,0.520229365,0.494,0.933333333
2018_1403_1417,0.493619841,0.5,0.681818182
2018_1403_1420,0.492321429,0.528,0.933333333
2018_1403_1422,0.537162698,0.502,0.833333333
2018_1403_1437,0.518114286,0.546,0.357142857
2018_1403_1438,0.48149127,0.496,0.357142857
2018_1403_1439,0.512204762,0.524,1
2018_1403_1452,0.514634127,0.486,1
2018_1403_1455,0.478846825,0.556,0.5
2018_1403_1460,0.542692063,0.548,0.857142857
2018_1403_1462,0.532371429,0.518,0.357142857
2018_1411_1417,0.519134127,0.506,0.333333333
2018_1411_1420,0.45948254,0.468,0.5
2018_1411_1422,0.512711905,0.434,0.4
2018_1411_1437,0.532564286,0.478,0
2018_1411_1438,0.516066667,0.504,0
2018_1411_1439,0.531486508,0.488,0.233333333
2018_1411_1452,0.512203968,0.482,0.133333333
2018_1411_1455,0.52267381,0.52,0.1
2018_1411_1460,0.489670635,0.532,0.433333333
2018_1411_1462,0.555562698,0.494,0
2018_1417_1420,0.524538889,0.5,0.666666667
2018_1417_1422,0.550488889,0.574,0.566666667
2018_1417_1437,0.492811905,0.522,0.666666667
2018_1417_1438,0.533189683,0.532,0.666666667
2018_1417_1439,0.59060873,0.57,0
2018_1417_1452,0.48457619,0.51,0.3
2018_1417_1455,0.568509524,0.57,0.266666667
2018_1417_1460,0.554575397,0.554,1
2018_1417_1462,0.593307937,0.556,0.666666667
2018_1420_1422,0.497119048,0.482,0.4
2018_1420_1437,0.507065873,0.476,0
2018_1420_1438,0.472192063,0.45,0
2018_1420_1439,0.469884921,0.464,0.233333333
2018_1420_1452,0.505895238,0.528,0.133333333
2018_1420_1455,0.49042381,0.502,0.1
2018_1420_1460,0.498694444,0.438,0.433333333
2018_1420_1462,0.511338095,0.52,0
2018_1422_1437,0.536953175,0.54,0
2018_1422_1438,0.533588889,0.492,0
2018_1422_1439,0.486846825,0.452,0.333333333
2018_1422_1452,0.497485714,0.464,0.2
2018_1422_1455,0.498615873,0.514,0.196428571
2018_1422_1460,0.533694444,0.52,0.533333333
2018_1422_1462,0.515752381,0.508,0
2018_1437_1438,0.523607143,0.51,0.5
2018_1437_1439,0.51818254,0.518,0.870967742
2018_1437_1452,0.514461111,0.496,0.85
2018_1437_1455,0.504283333,0.484,0.708333333
2018_1437_1460,0.441848413,0.486,0.933333333
2018_1437_1462,0.501229365,0.51,0.5
2018_1438_1439,0.508588889,0.49,0.870967742
2018_1438_1452,0.453327778,0.482,0.85
2018_1438_1455,0.490862698,0.524,0.708333333
2018_1438_1460,0.534265079,0.552,0.933333333
2018_1438_1462,0.513380159,0.534,0.5
2018_1439_1452,0.509757937,0.496,1
2018_1439_1455,0.511005556,0.512,0.666666667
2018_1439_1460,0.53593254,0.588,0.7
2018_1439_1462,0.52513254,0.588,0.129032258
2018_1452_1455,0.486453175,0.458,0.571428571
2018_1452_1460,0.484950794,0.442,0.8
2018_1452_1462,0.527692857,0.488,0.15
2018_1455_1460,0.473559524,0.514,0.833333333
2018_1455_1462,0.497484921,0.502,0.291666667
2018_1460_1462,0.519297619,0.52,0.066666667
