team_x,team_y,ID
1104,1112,2018_1104_1112
1104,1113,2018_1104_1113
1104,1116,2018_1104_1116
1104,1120,2018_1104_1120
1104,1137,2018_1104_1137
1104,1138,2018_1104_1138
1104,1139,2018_1104_1139
1104,1153,2018_1104_1153
1104,1155,2018_1104_1155
1104,1158,2018_1104_1158
1104,1166,2018_1104_1166
1104,1168,2018_1104_1168
1104,1172,2018_1104_1172
1104,1181,2018_1104_1181
1104,1196,2018_1104_1196
1104,1199,2018_1104_1199
1104,1209,2018_1104_1209
1104,1211,2018_1104_1211
1104,1222,2018_1104_1222
1104,1233,2018_1104_1233
1104,1242,2018_1104_1242
1104,1243,2018_1104_1243
1104,1246,2018_1104_1246
1104,1252,2018_1104_1252
1104,1254,2018_1104_1254
1104,1260,2018_1104_1260
1104,1267,2018_1104_1267
1104,1274,2018_1104_1274
1104,1276,2018_1104_1276
1104,1277,2018_1104_1277
1104,1281,2018_1104_1281
1104,1285,2018_1104_1285
1104,1293,2018_1104_1293
1104,1300,2018_1104_1300
1104,1301,2018_1104_1301
1104,1305,2018_1104_1305
1104,1308,2018_1104_1308
1104,1314,2018_1104_1314
1104,1326,2018_1104_1326
1104,1328,2018_1104_1328
1104,1335,2018_1104_1335
1104,1344,2018_1104_1344
1104,1345,2018_1104_1345
1104,1347,2018_1104_1347
1104,1348,2018_1104_1348
1104,1355,2018_1104_1355
1104,1361,2018_1104_1361
1104,1371,2018_1104_1371
1104,1372,2018_1104_1372
1104,1382,2018_1104_1382
1104,1393,2018_1104_1393
1104,1395,2018_1104_1395
1104,1397,2018_1104_1397
1104,1400,2018_1104_1400
1104,1401,2018_1104_1401
1104,1403,2018_1104_1403
1104,1411,2018_1104_1411
1104,1417,2018_1104_1417
1104,1420,2018_1104_1420
1104,1422,2018_1104_1422
1104,1437,2018_1104_1437
1104,1438,2018_1104_1438
1104,1439,2018_1104_1439
1104,1452,2018_1104_1452
1104,1455,2018_1104_1455
1104,1460,2018_1104_1460
1104,1462,2018_1104_1462
1112,1113,2018_1112_1113
1112,1116,2018_1112_1116
1112,1120,2018_1112_1120
1112,1137,2018_1112_1137
1112,1138,2018_1112_1138
1112,1139,2018_1112_1139
1112,1153,2018_1112_1153
1112,1155,2018_1112_1155
1112,1158,2018_1112_1158
1112,1166,2018_1112_1166
1112,1168,2018_1112_1168
1112,1172,2018_1112_1172
1112,1181,2018_1112_1181
1112,1196,2018_1112_1196
1112,1199,2018_1112_1199
1112,1209,2018_1112_1209
1112,1211,2018_1112_1211
1112,1222,2018_1112_1222
1112,1233,2018_1112_1233
1112,1242,2018_1112_1242
1112,1243,2018_1112_1243
1112,1246,2018_1112_1246
1112,1252,2018_1112_1252
1112,1254,2018_1112_1254
1112,1260,2018_1112_1260
1112,1267,2018_1112_1267
1112,1274,2018_1112_1274
1112,1276,2018_1112_1276
1112,1277,2018_1112_1277
1112,1281,2018_1112_1281
1112,1285,2018_1112_1285
1112,1293,2018_1112_1293
1112,1300,2018_1112_1300
1112,1301,2018_1112_1301
1112,1305,2018_1112_1305
1112,1308,2018_1112_1308
1112,1314,2018_1112_1314
1112,1326,2018_1112_1326
1112,1328,2018_1112_1328
1112,1335,2018_1112_1335
1112,1344,2018_1112_1344
1112,1345,2018_1112_1345
1112,1347,2018_1112_1347
1112,1348,2018_1112_1348
1112,1355,2018_1112_1355
1112,1361,2018_1112_1361
1112,1371,2018_1112_1371
1112,1372,2018_1112_1372
1112,1382,2018_1112_1382
1112,1393,2018_1112_1393
1112,1395,2018_1112_1395
1112,1397,2018_1112_1397
1112,1400,2018_1112_1400
1112,1401,2018_1112_1401
1112,1403,2018_1112_1403
1112,1411,2018_1112_1411
1112,1417,2018_1112_1417
1112,1420,2018_1112_1420
1112,1422,2018_1112_1422
1112,1437,2018_1112_1437
1112,1438,2018_1112_1438
1112,1439,2018_1112_1439
1112,1452,2018_1112_1452
1112,1455,2018_1112_1455
1112,1460,2018_1112_1460
1112,1462,2018_1112_1462
1113,1116,2018_1113_1116
1113,1120,2018_1113_1120
1113,1137,2018_1113_1137
1113,1138,2018_1113_1138
1113,1139,2018_1113_1139
1113,1153,2018_1113_1153
1113,1155,2018_1113_1155
1113,1158,2018_1113_1158
1113,1166,2018_1113_1166
1113,1168,2018_1113_1168
1113,1172,2018_1113_1172
1113,1181,2018_1113_1181
1113,1196,2018_1113_1196
1113,1199,2018_1113_1199
1113,1209,2018_1113_1209
1113,1211,2018_1113_1211
1113,1222,2018_1113_1222
1113,1233,2018_1113_1233
1113,1242,2018_1113_1242
1113,1243,2018_1113_1243
1113,1246,2018_1113_1246
1113,1252,2018_1113_1252
1113,1254,2018_1113_1254
1113,1260,2018_1113_1260
1113,1267,2018_1113_1267
1113,1274,2018_1113_1274
1113,1276,2018_1113_1276
1113,1277,2018_1113_1277
1113,1281,2018_1113_1281
1113,1285,2018_1113_1285
1113,1293,2018_1113_1293
1113,1300,2018_1113_1300
1113,1301,2018_1113_1301
1113,1305,2018_1113_1305
1113,1308,2018_1113_1308
1113,1314,2018_1113_1314
1113,1326,2018_1113_1326
1113,1328,2018_1113_1328
1113,1335,2018_1113_1335
1113,1344,2018_1113_1344
1113,1345,2018_1113_1345
1113,1347,2018_1113_1347
1113,1348,2018_1113_1348
1113,1355,2018_1113_1355
1113,1361,2018_1113_1361
1113,1371,2018_1113_1371
1113,1372,2018_1113_1372
1113,1382,2018_1113_1382
1113,1393,2018_1113_1393
1113,1395,2018_1113_1395
1113,1397,2018_1113_1397
1113,1400,2018_1113_1400
1113,1401,2018_1113_1401
1113,1403,2018_1113_1403
1113,1411,2018_1113_1411
1113,1417,2018_1113_1417
1113,1420,2018_1113_1420
1113,1422,2018_1113_1422
1113,1437,2018_1113_1437
1113,1438,2018_1113_1438
1113,1439,2018_1113_1439
1113,1452,2018_1113_1452
1113,1455,2018_1113_1455
1113,1460,2018_1113_1460
1113,1462,2018_1113_1462
1116,1120,2018_1116_1120
1116,1137,2018_1116_1137
1116,1138,2018_1116_1138
1116,1139,2018_1116_1139
1116,1153,2018_1116_1153
1116,1155,2018_1116_1155
1116,1158,2018_1116_1158
1116,1166,2018_1116_1166
1116,1168,2018_1116_1168
1116,1172,2018_1116_1172
1116,1181,2018_1116_1181
1116,1196,2018_1116_1196
1116,1199,2018_1116_1199
1116,1209,2018_1116_1209
1116,1211,2018_1116_1211
1116,1222,2018_1116_1222
1116,1233,2018_1116_1233
1116,1242,2018_1116_1242
1116,1243,2018_1116_1243
1116,1246,2018_1116_1246
1116,1252,2018_1116_1252
1116,1254,2018_1116_1254
1116,1260,2018_1116_1260
1116,1267,2018_1116_1267
1116,1274,2018_1116_1274
1116,1276,2018_1116_1276
1116,1277,2018_1116_1277
1116,1281,2018_1116_1281
1116,1285,2018_1116_1285
1116,1293,2018_1116_1293
1116,1300,2018_1116_1300
1116,1301,2018_1116_1301
1116,1305,2018_1116_1305
1116,1308,2018_1116_1308
1116,1314,2018_1116_1314
1116,1326,2018_1116_1326
1116,1328,2018_1116_1328
1116,1335,2018_1116_1335
1116,1344,2018_1116_1344
1116,1345,2018_1116_1345
1116,1347,2018_1116_1347
1116,1348,2018_1116_1348
1116,1355,2018_1116_1355
1116,1361,2018_1116_1361
1116,1371,2018_1116_1371
1116,1372,2018_1116_1372
1116,1382,2018_1116_1382
1116,1393,2018_1116_1393
1116,1395,2018_1116_1395
1116,1397,2018_1116_1397
1116,1400,2018_1116_1400
1116,1401,2018_1116_1401
1116,1403,2018_1116_1403
1116,1411,2018_1116_1411
1116,1417,2018_1116_1417
1116,1420,2018_1116_1420
1116,1422,2018_1116_1422
1116,1437,2018_1116_1437
1116,1438,2018_1116_1438
1116,1439,2018_1116_1439
1116,1452,2018_1116_1452
1116,1455,2018_1116_1455
1116,1460,2018_1116_1460
1116,1462,2018_1116_1462
1120,1137,2018_1120_1137
1120,1138,2018_1120_1138
1120,1139,2018_1120_1139
1120,1153,2018_1120_1153
1120,1155,2018_1120_1155
1120,1158,2018_1120_1158
1120,1166,2018_1120_1166
1120,1168,2018_1120_1168
1120,1172,2018_1120_1172
1120,1181,2018_1120_1181
1120,1196,2018_1120_1196
1120,1199,2018_1120_1199
1120,1209,2018_1120_1209
1120,1211,2018_1120_1211
1120,1222,2018_1120_1222
1120,1233,2018_1120_1233
1120,1242,2018_1120_1242
1120,1243,2018_1120_1243
1120,1246,2018_1120_1246
1120,1252,2018_1120_1252
1120,1254,2018_1120_1254
1120,1260,2018_1120_1260
1120,1267,2018_1120_1267
1120,1274,2018_1120_1274
1120,1276,2018_1120_1276
1120,1277,2018_1120_1277
1120,1281,2018_1120_1281
1120,1285,2018_1120_1285
1120,1293,2018_1120_1293
1120,1300,2018_1120_1300
1120,1301,2018_1120_1301
1120,1305,2018_1120_1305
1120,1308,2018_1120_1308
1120,1314,2018_1120_1314
1120,1326,2018_1120_1326
1120,1328,2018_1120_1328
1120,1335,2018_1120_1335
1120,1344,2018_1120_1344
1120,1345,2018_1120_1345
1120,1347,2018_1120_1347
1120,1348,2018_1120_1348
1120,1355,2018_1120_1355
1120,1361,2018_1120_1361
1120,1371,2018_1120_1371
1120,1372,2018_1120_1372
1120,1382,2018_1120_1382
1120,1393,2018_1120_1393
1120,1395,2018_1120_1395
1120,1397,2018_1120_1397
1120,1400,2018_1120_1400
1120,1401,2018_1120_1401
1120,1403,2018_1120_1403
1120,1411,2018_1120_1411
1120,1417,2018_1120_1417
1120,1420,2018_1120_1420
1120,1422,2018_1120_1422
1120,1437,2018_1120_1437
1120,1438,2018_1120_1438
1120,1439,2018_1120_1439
1120,1452,2018_1120_1452
1120,1455,2018_1120_1455
1120,1460,2018_1120_1460
1120,1462,2018_1120_1462
1137,1138,2018_1137_1138
1137,1139,2018_1137_1139
1137,1153,2018_1137_1153
1137,1155,2018_1137_1155
1137,1158,2018_1137_1158
1137,1166,2018_1137_1166
1137,1168,2018_1137_1168
1137,1172,2018_1137_1172
1137,1181,2018_1137_1181
1137,1196,2018_1137_1196
1137,1199,2018_1137_1199
1137,1209,2018_1137_1209
1137,1211,2018_1137_1211
1137,1222,2018_1137_1222
1137,1233,2018_1137_1233
1137,1242,2018_1137_1242
1137,1243,2018_1137_1243
1137,1246,2018_1137_1246
1137,1252,2018_1137_1252
1137,1254,2018_1137_1254
1137,1260,2018_1137_1260
1137,1267,2018_1137_1267
1137,1274,2018_1137_1274
1137,1276,2018_1137_1276
1137,1277,2018_1137_1277
1137,1281,2018_1137_1281
1137,1285,2018_1137_1285
1137,1293,2018_1137_1293
1137,1300,2018_1137_1300
1137,1301,2018_1137_1301
1137,1305,2018_1137_1305
1137,1308,2018_1137_1308
1137,1314,2018_1137_1314
1137,1326,2018_1137_1326
1137,1328,2018_1137_1328
1137,1335,2018_1137_1335
1137,1344,2018_1137_1344
1137,1345,2018_1137_1345
1137,1347,2018_1137_1347
1137,1348,2018_1137_1348
1137,1355,2018_1137_1355
1137,1361,2018_1137_1361
1137,1371,2018_1137_1371
1137,1372,2018_1137_1372
1137,1382,2018_1137_1382
1137,1393,2018_1137_1393
1137,1395,2018_1137_1395
1137,1397,2018_1137_1397
1137,1400,2018_1137_1400
1137,1401,2018_1137_1401
1137,1403,2018_1137_1403
1137,1411,2018_1137_1411
1137,1417,2018_1137_1417
1137,1420,2018_1137_1420
1137,1422,2018_1137_1422
1137,1437,2018_1137_1437
1137,1438,2018_1137_1438
1137,1439,2018_1137_1439
1137,1452,2018_1137_1452
1137,1455,2018_1137_1455
1137,1460,2018_1137_1460
1137,1462,2018_1137_1462
1138,1139,2018_1138_1139
1138,1153,2018_1138_1153
1138,1155,2018_1138_1155
1138,1158,2018_1138_1158
1138,1166,2018_1138_1166
1138,1168,2018_1138_1168
1138,1172,2018_1138_1172
1138,1181,2018_1138_1181
1138,1196,2018_1138_1196
1138,1199,2018_1138_1199
1138,1209,2018_1138_1209
1138,1211,2018_1138_1211
1138,1222,2018_1138_1222
1138,1233,2018_1138_1233
1138,1242,2018_1138_1242
1138,1243,2018_1138_1243
1138,1246,2018_1138_1246
1138,1252,2018_1138_1252
1138,1254,2018_1138_1254
1138,1260,2018_1138_1260
1138,1267,2018_1138_1267
1138,1274,2018_1138_1274
1138,1276,2018_1138_1276
1138,1277,2018_1138_1277
1138,1281,2018_1138_1281
1138,1285,2018_1138_1285
1138,1293,2018_1138_1293
1138,1300,2018_1138_1300
1138,1301,2018_1138_1301
1138,1305,2018_1138_1305
1138,1308,2018_1138_1308
1138,1314,2018_1138_1314
1138,1326,2018_1138_1326
1138,1328,2018_1138_1328
1138,1335,2018_1138_1335
1138,1344,2018_1138_1344
1138,1345,2018_1138_1345
1138,1347,2018_1138_1347
1138,1348,2018_1138_1348
1138,1355,2018_1138_1355
1138,1361,2018_1138_1361
1138,1371,2018_1138_1371
1138,1372,2018_1138_1372
1138,1382,2018_1138_1382
1138,1393,2018_1138_1393
1138,1395,2018_1138_1395
1138,1397,2018_1138_1397
1138,1400,2018_1138_1400
1138,1401,2018_1138_1401
1138,1403,2018_1138_1403
1138,1411,2018_1138_1411
1138,1417,2018_1138_1417
1138,1420,2018_1138_1420
1138,1422,2018_1138_1422
1138,1437,2018_1138_1437
1138,1438,2018_1138_1438
1138,1439,2018_1138_1439
1138,1452,2018_1138_1452
1138,1455,2018_1138_1455
1138,1460,2018_1138_1460
1138,1462,2018_1138_1462
1139,1153,2018_1139_1153
1139,1155,2018_1139_1155
1139,1158,2018_1139_1158
1139,1166,2018_1139_1166
1139,1168,2018_1139_1168
1139,1172,2018_1139_1172
1139,1181,2018_1139_1181
1139,1196,2018_1139_1196
1139,1199,2018_1139_1199
1139,1209,2018_1139_1209
1139,1211,2018_1139_1211
1139,1222,2018_1139_1222
1139,1233,2018_1139_1233
1139,1242,2018_1139_1242
1139,1243,2018_1139_1243
1139,1246,2018_1139_1246
1139,1252,2018_1139_1252
1139,1254,2018_1139_1254
1139,1260,2018_1139_1260
1139,1267,2018_1139_1267
1139,1274,2018_1139_1274
1139,1276,2018_1139_1276
1139,1277,2018_1139_1277
1139,1281,2018_1139_1281
1139,1285,2018_1139_1285
1139,1293,2018_1139_1293
1139,1300,2018_1139_1300
1139,1301,2018_1139_1301
1139,1305,2018_1139_1305
1139,1308,2018_1139_1308
1139,1314,2018_1139_1314
1139,1326,2018_1139_1326
1139,1328,2018_1139_1328
1139,1335,2018_1139_1335
1139,1344,2018_1139_1344
1139,1345,2018_1139_1345
1139,1347,2018_1139_1347
1139,1348,2018_1139_1348
1139,1355,2018_1139_1355
1139,1361,2018_1139_1361
1139,1371,2018_1139_1371
1139,1372,2018_1139_1372
1139,1382,2018_1139_1382
1139,1393,2018_1139_1393
1139,1395,2018_1139_1395
1139,1397,2018_1139_1397
1139,1400,2018_1139_1400
1139,1401,2018_1139_1401
1139,1403,2018_1139_1403
1139,1411,2018_1139_1411
1139,1417,2018_1139_1417
1139,1420,2018_1139_1420
1139,1422,2018_1139_1422
1139,1437,2018_1139_1437
1139,1438,2018_1139_1438
1139,1439,2018_1139_1439
1139,1452,2018_1139_1452
1139,1455,2018_1139_1455
1139,1460,2018_1139_1460
1139,1462,2018_1139_1462
1153,1155,2018_1153_1155
1153,1158,2018_1153_1158
1153,1166,2018_1153_1166
1153,1168,2018_1153_1168
1153,1172,2018_1153_1172
1153,1181,2018_1153_1181
1153,1196,2018_1153_1196
1153,1199,2018_1153_1199
1153,1209,2018_1153_1209
1153,1211,2018_1153_1211
1153,1222,2018_1153_1222
1153,1233,2018_1153_1233
1153,1242,2018_1153_1242
1153,1243,2018_1153_1243
1153,1246,2018_1153_1246
1153,1252,2018_1153_1252
1153,1254,2018_1153_1254
1153,1260,2018_1153_1260
1153,1267,2018_1153_1267
1153,1274,2018_1153_1274
1153,1276,2018_1153_1276
1153,1277,2018_1153_1277
1153,1281,2018_1153_1281
1153,1285,2018_1153_1285
1153,1293,2018_1153_1293
1153,1300,2018_1153_1300
1153,1301,2018_1153_1301
1153,1305,2018_1153_1305
1153,1308,2018_1153_1308
1153,1314,2018_1153_1314
1153,1326,2018_1153_1326
1153,1328,2018_1153_1328
1153,1335,2018_1153_1335
1153,1344,2018_1153_1344
1153,1345,2018_1153_1345
1153,1347,2018_1153_1347
1153,1348,2018_1153_1348
1153,1355,2018_1153_1355
1153,1361,2018_1153_1361
1153,1371,2018_1153_1371
1153,1372,2018_1153_1372
1153,1382,2018_1153_1382
1153,1393,2018_1153_1393
1153,1395,2018_1153_1395
1153,1397,2018_1153_1397
1153,1400,2018_1153_1400
1153,1401,2018_1153_1401
1153,1403,2018_1153_1403
1153,1411,2018_1153_1411
1153,1417,2018_1153_1417
1153,1420,2018_1153_1420
1153,1422,2018_1153_1422
1153,1437,2018_1153_1437
1153,1438,2018_1153_1438
1153,1439,2018_1153_1439
1153,1452,2018_1153_1452
1153,1455,2018_1153_1455
1153,1460,2018_1153_1460
1153,1462,2018_1153_1462
1155,1158,2018_1155_1158
1155,1166,2018_1155_1166
1155,1168,2018_1155_1168
1155,1172,2018_1155_1172
1155,1181,2018_1155_1181
1155,1196,2018_1155_1196
1155,1199,2018_1155_1199
1155,1209,2018_1155_1209
1155,1211,2018_1155_1211
1155,1222,2018_1155_1222
1155,1233,2018_1155_1233
1155,1242,2018_1155_1242
1155,1243,2018_1155_1243
1155,1246,2018_1155_1246
1155,1252,2018_1155_1252
1155,1254,2018_1155_1254
1155,1260,2018_1155_1260
1155,1267,2018_1155_1267
1155,1274,2018_1155_1274
1155,1276,2018_1155_1276
1155,1277,2018_1155_1277
1155,1281,2018_1155_1281
1155,1285,2018_1155_1285
1155,1293,2018_1155_1293
1155,1300,2018_1155_1300
1155,1301,2018_1155_1301
1155,1305,2018_1155_1305
1155,1308,2018_1155_1308
1155,1314,2018_1155_1314
1155,1326,2018_1155_1326
1155,1328,2018_1155_1328
1155,1335,2018_1155_1335
1155,1344,2018_1155_1344
1155,1345,2018_1155_1345
1155,1347,2018_1155_1347
1155,1348,2018_1155_1348
1155,1355,2018_1155_1355
1155,1361,2018_1155_1361
1155,1371,2018_1155_1371
1155,1372,2018_1155_1372
1155,1382,2018_1155_1382
1155,1393,2018_1155_1393
1155,1395,2018_1155_1395
1155,1397,2018_1155_1397
1155,1400,2018_1155_1400
1155,1401,2018_1155_1401
1155,1403,2018_1155_1403
1155,1411,2018_1155_1411
1155,1417,2018_1155_1417
1155,1420,2018_1155_1420
1155,1422,2018_1155_1422
1155,1437,2018_1155_1437
1155,1438,2018_1155_1438
1155,1439,2018_1155_1439
1155,1452,2018_1155_1452
1155,1455,2018_1155_1455
1155,1460,2018_1155_1460
1155,1462,2018_1155_1462
1158,1166,2018_1158_1166
1158,1168,2018_1158_1168
1158,1172,2018_1158_1172
1158,1181,2018_1158_1181
1158,1196,2018_1158_1196
1158,1199,2018_1158_1199
1158,1209,2018_1158_1209
1158,1211,2018_1158_1211
1158,1222,2018_1158_1222
1158,1233,2018_1158_1233
1158,1242,2018_1158_1242
1158,1243,2018_1158_1243
1158,1246,2018_1158_1246
1158,1252,2018_1158_1252
1158,1254,2018_1158_1254
1158,1260,2018_1158_1260
1158,1267,2018_1158_1267
1158,1274,2018_1158_1274
1158,1276,2018_1158_1276
1158,1277,2018_1158_1277
1158,1281,2018_1158_1281
1158,1285,2018_1158_1285
1158,1293,2018_1158_1293
1158,1300,2018_1158_1300
1158,1301,2018_1158_1301
1158,1305,2018_1158_1305
1158,1308,2018_1158_1308
1158,1314,2018_1158_1314
1158,1326,2018_1158_1326
1158,1328,2018_1158_1328
1158,1335,2018_1158_1335
1158,1344,2018_1158_1344
1158,1345,2018_1158_1345
1158,1347,2018_1158_1347
1158,1348,2018_1158_1348
1158,1355,2018_1158_1355
1158,1361,2018_1158_1361
1158,1371,2018_1158_1371
1158,1372,2018_1158_1372
1158,1382,2018_1158_1382
1158,1393,2018_1158_1393
1158,1395,2018_1158_1395
1158,1397,2018_1158_1397
1158,1400,2018_1158_1400
1158,1401,2018_1158_1401
1158,1403,2018_1158_1403
1158,1411,2018_1158_1411
1158,1417,2018_1158_1417
1158,1420,2018_1158_1420
1158,1422,2018_1158_1422
1158,1437,2018_1158_1437
1158,1438,2018_1158_1438
1158,1439,2018_1158_1439
1158,1452,2018_1158_1452
1158,1455,2018_1158_1455
1158,1460,2018_1158_1460
1158,1462,2018_1158_1462
1166,1168,2018_1166_1168
1166,1172,2018_1166_1172
1166,1181,2018_1166_1181
1166,1196,2018_1166_1196
1166,1199,2018_1166_1199
1166,1209,2018_1166_1209
1166,1211,2018_1166_1211
1166,1222,2018_1166_1222
1166,1233,2018_1166_1233
1166,1242,2018_1166_1242
1166,1243,2018_1166_1243
1166,1246,2018_1166_1246
1166,1252,2018_1166_1252
1166,1254,2018_1166_1254
1166,1260,2018_1166_1260
1166,1267,2018_1166_1267
1166,1274,2018_1166_1274
1166,1276,2018_1166_1276
1166,1277,2018_1166_1277
1166,1281,2018_1166_1281
1166,1285,2018_1166_1285
1166,1293,2018_1166_1293
1166,1300,2018_1166_1300
1166,1301,2018_1166_1301
1166,1305,2018_1166_1305
1166,1308,2018_1166_1308
1166,1314,2018_1166_1314
1166,1326,2018_1166_1326
1166,1328,2018_1166_1328
1166,1335,2018_1166_1335
1166,1344,2018_1166_1344
1166,1345,2018_1166_1345
1166,1347,2018_1166_1347
1166,1348,2018_1166_1348
1166,1355,2018_1166_1355
1166,1361,2018_1166_1361
1166,1371,2018_1166_1371
1166,1372,2018_1166_1372
1166,1382,2018_1166_1382
1166,1393,2018_1166_1393
1166,1395,2018_1166_1395
1166,1397,2018_1166_1397
1166,1400,2018_1166_1400
1166,1401,2018_1166_1401
1166,1403,2018_1166_1403
1166,1411,2018_1166_1411
1166,1417,2018_1166_1417
1166,1420,2018_1166_1420
1166,1422,2018_1166_1422
1166,1437,2018_1166_1437
1166,1438,2018_1166_1438
1166,1439,2018_1166_1439
1166,1452,2018_1166_1452
1166,1455,2018_1166_1455
1166,1460,2018_1166_1460
1166,1462,2018_1166_1462
1168,1172,2018_1168_1172
1168,1181,2018_1168_1181
1168,1196,2018_1168_1196
1168,1199,2018_1168_1199
1168,1209,2018_1168_1209
1168,1211,2018_1168_1211
1168,1222,2018_1168_1222
1168,1233,2018_1168_1233
1168,1242,2018_1168_1242
1168,1243,2018_1168_1243
1168,1246,2018_1168_1246
1168,1252,2018_1168_1252
1168,1254,2018_1168_1254
1168,1260,2018_1168_1260
1168,1267,2018_1168_1267
1168,1274,2018_1168_1274
1168,1276,2018_1168_1276
1168,1277,2018_1168_1277
1168,1281,2018_1168_1281
1168,1285,2018_1168_1285
1168,1293,2018_1168_1293
1168,1300,2018_1168_1300
1168,1301,2018_1168_1301
1168,1305,2018_1168_1305
1168,1308,2018_1168_1308
1168,1314,2018_1168_1314
1168,1326,2018_1168_1326
1168,1328,2018_1168_1328
1168,1335,2018_1168_1335
1168,1344,2018_1168_1344
1168,1345,2018_1168_1345
1168,1347,2018_1168_1347
1168,1348,2018_1168_1348
1168,1355,2018_1168_1355
1168,1361,2018_1168_1361
1168,1371,2018_1168_1371
1168,1372,2018_1168_1372
1168,1382,2018_1168_1382
1168,1393,2018_1168_1393
1168,1395,2018_1168_1395
1168,1397,2018_1168_1397
1168,1400,2018_1168_1400
1168,1401,2018_1168_1401
1168,1403,2018_1168_1403
1168,1411,2018_1168_1411
1168,1417,2018_1168_1417
1168,1420,2018_1168_1420
1168,1422,2018_1168_1422
1168,1437,2018_1168_1437
1168,1438,2018_1168_1438
1168,1439,2018_1168_1439
1168,1452,2018_1168_1452
1168,1455,2018_1168_1455
1168,1460,2018_1168_1460
1168,1462,2018_1168_1462
1172,1181,2018_1172_1181
1172,1196,2018_1172_1196
1172,1199,2018_1172_1199
1172,1209,2018_1172_1209
1172,1211,2018_1172_1211
1172,1222,2018_1172_1222
1172,1233,2018_1172_1233
1172,1242,2018_1172_1242
1172,1243,2018_1172_1243
1172,1246,2018_1172_1246
1172,1252,2018_1172_1252
1172,1254,2018_1172_1254
1172,1260,2018_1172_1260
1172,1267,2018_1172_1267
1172,1274,2018_1172_1274
1172,1276,2018_1172_1276
1172,1277,2018_1172_1277
1172,1281,2018_1172_1281
1172,1285,2018_1172_1285
1172,1293,2018_1172_1293
1172,1300,2018_1172_1300
1172,1301,2018_1172_1301
1172,1305,2018_1172_1305
1172,1308,2018_1172_1308
1172,1314,2018_1172_1314
1172,1326,2018_1172_1326
1172,1328,2018_1172_1328
1172,1335,2018_1172_1335
1172,1344,2018_1172_1344
1172,1345,2018_1172_1345
1172,1347,2018_1172_1347
1172,1348,2018_1172_1348
1172,1355,2018_1172_1355
1172,1361,2018_1172_1361
1172,1371,2018_1172_1371
1172,1372,2018_1172_1372
1172,1382,2018_1172_1382
1172,1393,2018_1172_1393
1172,1395,2018_1172_1395
1172,1397,2018_1172_1397
1172,1400,2018_1172_1400
1172,1401,2018_1172_1401
1172,1403,2018_1172_1403
1172,1411,2018_1172_1411
1172,1417,2018_1172_1417
1172,1420,2018_1172_1420
1172,1422,2018_1172_1422
1172,1437,2018_1172_1437
1172,1438,2018_1172_1438
1172,1439,2018_1172_1439
1172,1452,2018_1172_1452
1172,1455,2018_1172_1455
1172,1460,2018_1172_1460
1172,1462,2018_1172_1462
1181,1196,2018_1181_1196
1181,1199,2018_1181_1199
1181,1209,2018_1181_1209
1181,1211,2018_1181_1211
1181,1222,2018_1181_1222
1181,1233,2018_1181_1233
1181,1242,2018_1181_1242
1181,1243,2018_1181_1243
1181,1246,2018_1181_1246
1181,1252,2018_1181_1252
1181,1254,2018_1181_1254
1181,1260,2018_1181_1260
1181,1267,2018_1181_1267
1181,1274,2018_1181_1274
1181,1276,2018_1181_1276
1181,1277,2018_1181_1277
1181,1281,2018_1181_1281
1181,1285,2018_1181_1285
1181,1293,2018_1181_1293
1181,1300,2018_1181_1300
1181,1301,2018_1181_1301
1181,1305,2018_1181_1305
1181,1308,2018_1181_1308
1181,1314,2018_1181_1314
1181,1326,2018_1181_1326
1181,1328,2018_1181_1328
1181,1335,2018_1181_1335
1181,1344,2018_1181_1344
1181,1345,2018_1181_1345
1181,1347,2018_1181_1347
1181,1348,2018_1181_1348
1181,1355,2018_1181_1355
1181,1361,2018_1181_1361
1181,1371,2018_1181_1371
1181,1372,2018_1181_1372
1181,1382,2018_1181_1382
1181,1393,2018_1181_1393
1181,1395,2018_1181_1395
1181,1397,2018_1181_1397
1181,1400,2018_1181_1400
1181,1401,2018_1181_1401
1181,1403,2018_1181_1403
1181,1411,2018_1181_1411
1181,1417,2018_1181_1417
1181,1420,2018_1181_1420
1181,1422,2018_1181_1422
1181,1437,2018_1181_1437
1181,1438,2018_1181_1438
1181,1439,2018_1181_1439
1181,1452,2018_1181_1452
1181,1455,2018_1181_1455
1181,1460,2018_1181_1460
1181,1462,2018_1181_1462
1196,1199,2018_1196_1199
1196,1209,2018_1196_1209
1196,1211,2018_1196_1211
1196,1222,2018_1196_1222
1196,1233,2018_1196_1233
1196,1242,2018_1196_1242
1196,1243,2018_1196_1243
1196,1246,2018_1196_1246
1196,1252,2018_1196_1252
1196,1254,2018_1196_1254
1196,1260,2018_1196_1260
1196,1267,2018_1196_1267
1196,1274,2018_1196_1274
1196,1276,2018_1196_1276
1196,1277,2018_1196_1277
1196,1281,2018_1196_1281
1196,1285,2018_1196_1285
1196,1293,2018_1196_1293
1196,1300,2018_1196_1300
1196,1301,2018_1196_1301
1196,1305,2018_1196_1305
1196,1308,2018_1196_1308
1196,1314,2018_1196_1314
1196,1326,2018_1196_1326
1196,1328,2018_1196_1328
1196,1335,2018_1196_1335
1196,1344,2018_1196_1344
1196,1345,2018_1196_1345
1196,1347,2018_1196_1347
1196,1348,2018_1196_1348
1196,1355,2018_1196_1355
1196,1361,2018_1196_1361
1196,1371,2018_1196_1371
1196,1372,2018_1196_1372
1196,1382,2018_1196_1382
1196,1393,2018_1196_1393
1196,1395,2018_1196_1395
1196,1397,2018_1196_1397
1196,1400,2018_1196_1400
1196,1401,2018_1196_1401
1196,1403,2018_1196_1403
1196,1411,2018_1196_1411
1196,1417,2018_1196_1417
1196,1420,2018_1196_1420
1196,1422,2018_1196_1422
1196,1437,2018_1196_1437
1196,1438,2018_1196_1438
1196,1439,2018_1196_1439
1196,1452,2018_1196_1452
1196,1455,2018_1196_1455
1196,1460,2018_1196_1460
1196,1462,2018_1196_1462
1199,1209,2018_1199_1209
1199,1211,2018_1199_1211
1199,1222,2018_1199_1222
1199,1233,2018_1199_1233
1199,1242,2018_1199_1242
1199,1243,2018_1199_1243
1199,1246,2018_1199_1246
1199,1252,2018_1199_1252
1199,1254,2018_1199_1254
1199,1260,2018_1199_1260
1199,1267,2018_1199_1267
1199,1274,2018_1199_1274
1199,1276,2018_1199_1276
1199,1277,2018_1199_1277
1199,1281,2018_1199_1281
1199,1285,2018_1199_1285
1199,1293,2018_1199_1293
1199,1300,2018_1199_1300
1199,1301,2018_1199_1301
1199,1305,2018_1199_1305
1199,1308,2018_1199_1308
1199,1314,2018_1199_1314
1199,1326,2018_1199_1326
1199,1328,2018_1199_1328
1199,1335,2018_1199_1335
1199,1344,2018_1199_1344
1199,1345,2018_1199_1345
1199,1347,2018_1199_1347
1199,1348,2018_1199_1348
1199,1355,2018_1199_1355
1199,1361,2018_1199_1361
1199,1371,2018_1199_1371
1199,1372,2018_1199_1372
1199,1382,2018_1199_1382
1199,1393,2018_1199_1393
1199,1395,2018_1199_1395
1199,1397,2018_1199_1397
1199,1400,2018_1199_1400
1199,1401,2018_1199_1401
1199,1403,2018_1199_1403
1199,1411,2018_1199_1411
1199,1417,2018_1199_1417
1199,1420,2018_1199_1420
1199,1422,2018_1199_1422
1199,1437,2018_1199_1437
1199,1438,2018_1199_1438
1199,1439,2018_1199_1439
1199,1452,2018_1199_1452
1199,1455,2018_1199_1455
1199,1460,2018_1199_1460
1199,1462,2018_1199_1462
1209,1211,2018_1209_1211
1209,1222,2018_1209_1222
1209,1233,2018_1209_1233
1209,1242,2018_1209_1242
1209,1243,2018_1209_1243
1209,1246,2018_1209_1246
1209,1252,2018_1209_1252
1209,1254,2018_1209_1254
1209,1260,2018_1209_1260
1209,1267,2018_1209_1267
1209,1274,2018_1209_1274
1209,1276,2018_1209_1276
1209,1277,2018_1209_1277
1209,1281,2018_1209_1281
1209,1285,2018_1209_1285
1209,1293,2018_1209_1293
1209,1300,2018_1209_1300
1209,1301,2018_1209_1301
1209,1305,2018_1209_1305
1209,1308,2018_1209_1308
1209,1314,2018_1209_1314
1209,1326,2018_1209_1326
1209,1328,2018_1209_1328
1209,1335,2018_1209_1335
1209,1344,2018_1209_1344
1209,1345,2018_1209_1345
1209,1347,2018_1209_1347
1209,1348,2018_1209_1348
1209,1355,2018_1209_1355
1209,1361,2018_1209_1361
1209,1371,2018_1209_1371
1209,1372,2018_1209_1372
1209,1382,2018_1209_1382
1209,1393,2018_1209_1393
1209,1395,2018_1209_1395
1209,1397,2018_1209_1397
1209,1400,2018_1209_1400
1209,1401,2018_1209_1401
1209,1403,2018_1209_1403
1209,1411,2018_1209_1411
1209,1417,2018_1209_1417
1209,1420,2018_1209_1420
1209,1422,2018_1209_1422
1209,1437,2018_1209_1437
1209,1438,2018_1209_1438
1209,1439,2018_1209_1439
1209,1452,2018_1209_1452
1209,1455,2018_1209_1455
1209,1460,2018_1209_1460
1209,1462,2018_1209_1462
1211,1222,2018_1211_1222
1211,1233,2018_1211_1233
1211,1242,2018_1211_1242
1211,1243,2018_1211_1243
1211,1246,2018_1211_1246
1211,1252,2018_1211_1252
1211,1254,2018_1211_1254
1211,1260,2018_1211_1260
1211,1267,2018_1211_1267
1211,1274,2018_1211_1274
1211,1276,2018_1211_1276
1211,1277,2018_1211_1277
1211,1281,2018_1211_1281
1211,1285,2018_1211_1285
1211,1293,2018_1211_1293
1211,1300,2018_1211_1300
1211,1301,2018_1211_1301
1211,1305,2018_1211_1305
1211,1308,2018_1211_1308
1211,1314,2018_1211_1314
1211,1326,2018_1211_1326
1211,1328,2018_1211_1328
1211,1335,2018_1211_1335
1211,1344,2018_1211_1344
1211,1345,2018_1211_1345
1211,1347,2018_1211_1347
1211,1348,2018_1211_1348
1211,1355,2018_1211_1355
1211,1361,2018_1211_1361
1211,1371,2018_1211_1371
1211,1372,2018_1211_1372
1211,1382,2018_1211_1382
1211,1393,2018_1211_1393
1211,1395,2018_1211_1395
1211,1397,2018_1211_1397
1211,1400,2018_1211_1400
1211,1401,2018_1211_1401
1211,1403,2018_1211_1403
1211,1411,2018_1211_1411
1211,1417,2018_1211_1417
1211,1420,2018_1211_1420
1211,1422,2018_1211_1422
1211,1437,2018_1211_1437
1211,1438,2018_1211_1438
1211,1439,2018_1211_1439
1211,1452,2018_1211_1452
1211,1455,2018_1211_1455
1211,1460,2018_1211_1460
1211,1462,2018_1211_1462
1222,1233,2018_1222_1233
1222,1242,2018_1222_1242
1222,1243,2018_1222_1243
1222,1246,2018_1222_1246
1222,1252,2018_1222_1252
1222,1254,2018_1222_1254
1222,1260,2018_1222_1260
1222,1267,2018_1222_1267
1222,1274,2018_1222_1274
1222,1276,2018_1222_1276
1222,1277,2018_1222_1277
1222,1281,2018_1222_1281
1222,1285,2018_1222_1285
1222,1293,2018_1222_1293
1222,1300,2018_1222_1300
1222,1301,2018_1222_1301
1222,1305,2018_1222_1305
1222,1308,2018_1222_1308
1222,1314,2018_1222_1314
1222,1326,2018_1222_1326
1222,1328,2018_1222_1328
1222,1335,2018_1222_1335
1222,1344,2018_1222_1344
1222,1345,2018_1222_1345
1222,1347,2018_1222_1347
1222,1348,2018_1222_1348
1222,1355,2018_1222_1355
1222,1361,2018_1222_1361
1222,1371,2018_1222_1371
1222,1372,2018_1222_1372
1222,1382,2018_1222_1382
1222,1393,2018_1222_1393
1222,1395,2018_1222_1395
1222,1397,2018_1222_1397
1222,1400,2018_1222_1400
1222,1401,2018_1222_1401
1222,1403,2018_1222_1403
1222,1411,2018_1222_1411
1222,1417,2018_1222_1417
1222,1420,2018_1222_1420
1222,1422,2018_1222_1422
1222,1437,2018_1222_1437
1222,1438,2018_1222_1438
1222,1439,2018_1222_1439
1222,1452,2018_1222_1452
1222,1455,2018_1222_1455
1222,1460,2018_1222_1460
1222,1462,2018_1222_1462
1233,1242,2018_1233_1242
1233,1243,2018_1233_1243
1233,1246,2018_1233_1246
1233,1252,2018_1233_1252
1233,1254,2018_1233_1254
1233,1260,2018_1233_1260
1233,1267,2018_1233_1267
1233,1274,2018_1233_1274
1233,1276,2018_1233_1276
1233,1277,2018_1233_1277
1233,1281,2018_1233_1281
1233,1285,2018_1233_1285
1233,1293,2018_1233_1293
1233,1300,2018_1233_1300
1233,1301,2018_1233_1301
1233,1305,2018_1233_1305
1233,1308,2018_1233_1308
1233,1314,2018_1233_1314
1233,1326,2018_1233_1326
1233,1328,2018_1233_1328
1233,1335,2018_1233_1335
1233,1344,2018_1233_1344
1233,1345,2018_1233_1345
1233,1347,2018_1233_1347
1233,1348,2018_1233_1348
1233,1355,2018_1233_1355
1233,1361,2018_1233_1361
1233,1371,2018_1233_1371
1233,1372,2018_1233_1372
1233,1382,2018_1233_1382
1233,1393,2018_1233_1393
1233,1395,2018_1233_1395
1233,1397,2018_1233_1397
1233,1400,2018_1233_1400
1233,1401,2018_1233_1401
1233,1403,2018_1233_1403
1233,1411,2018_1233_1411
1233,1417,2018_1233_1417
1233,1420,2018_1233_1420
1233,1422,2018_1233_1422
1233,1437,2018_1233_1437
1233,1438,2018_1233_1438
1233,1439,2018_1233_1439
1233,1452,2018_1233_1452
1233,1455,2018_1233_1455
1233,1460,2018_1233_1460
1233,1462,2018_1233_1462
1242,1243,2018_1242_1243
1242,1246,2018_1242_1246
1242,1252,2018_1242_1252
1242,1254,2018_1242_1254
1242,1260,2018_1242_1260
1242,1267,2018_1242_1267
1242,1274,2018_1242_1274
1242,1276,2018_1242_1276
1242,1277,2018_1242_1277
1242,1281,2018_1242_1281
1242,1285,2018_1242_1285
1242,1293,2018_1242_1293
1242,1300,2018_1242_1300
1242,1301,2018_1242_1301
1242,1305,2018_1242_1305
1242,1308,2018_1242_1308
1242,1314,2018_1242_1314
1242,1326,2018_1242_1326
1242,1328,2018_1242_1328
1242,1335,2018_1242_1335
1242,1344,2018_1242_1344
1242,1345,2018_1242_1345
1242,1347,2018_1242_1347
1242,1348,2018_1242_1348
1242,1355,2018_1242_1355
1242,1361,2018_1242_1361
1242,1371,2018_1242_1371
1242,1372,2018_1242_1372
1242,1382,2018_1242_1382
1242,1393,2018_1242_1393
1242,1395,2018_1242_1395
1242,1397,2018_1242_1397
1242,1400,2018_1242_1400
1242,1401,2018_1242_1401
1242,1403,2018_1242_1403
1242,1411,2018_1242_1411
1242,1417,2018_1242_1417
1242,1420,2018_1242_1420
1242,1422,2018_1242_1422
1242,1437,2018_1242_1437
1242,1438,2018_1242_1438
1242,1439,2018_1242_1439
1242,1452,2018_1242_1452
1242,1455,2018_1242_1455
1242,1460,2018_1242_1460
1242,1462,2018_1242_1462
1243,1246,2018_1243_1246
1243,1252,2018_1243_1252
1243,1254,2018_1243_1254
1243,1260,2018_1243_1260
1243,1267,2018_1243_1267
1243,1274,2018_1243_1274
1243,1276,2018_1243_1276
1243,1277,2018_1243_1277
1243,1281,2018_1243_1281
1243,1285,2018_1243_1285
1243,1293,2018_1243_1293
1243,1300,2018_1243_1300
1243,1301,2018_1243_1301
1243,1305,2018_1243_1305
1243,1308,2018_1243_1308
1243,1314,2018_1243_1314
1243,1326,2018_1243_1326
1243,1328,2018_1243_1328
1243,1335,2018_1243_1335
1243,1344,2018_1243_1344
1243,1345,2018_1243_1345
1243,1347,2018_1243_1347
1243,1348,2018_1243_1348
1243,1355,2018_1243_1355
1243,1361,2018_1243_1361
1243,1371,2018_1243_1371
1243,1372,2018_1243_1372
1243,1382,2018_1243_1382
1243,1393,2018_1243_1393
1243,1395,2018_1243_1395
1243,1397,2018_1243_1397
1243,1400,2018_1243_1400
1243,1401,2018_1243_1401
1243,1403,2018_1243_1403
1243,1411,2018_1243_1411
1243,1417,2018_1243_1417
1243,1420,2018_1243_1420
1243,1422,2018_1243_1422
1243,1437,2018_1243_1437
1243,1438,2018_1243_1438
1243,1439,2018_1243_1439
1243,1452,2018_1243_1452
1243,1455,2018_1243_1455
1243,1460,2018_1243_1460
1243,1462,2018_1243_1462
1246,1252,2018_1246_1252
1246,1254,2018_1246_1254
1246,1260,2018_1246_1260
1246,1267,2018_1246_1267
1246,1274,2018_1246_1274
1246,1276,2018_1246_1276
1246,1277,2018_1246_1277
1246,1281,2018_1246_1281
1246,1285,2018_1246_1285
1246,1293,2018_1246_1293
1246,1300,2018_1246_1300
1246,1301,2018_1246_1301
1246,1305,2018_1246_1305
1246,1308,2018_1246_1308
1246,1314,2018_1246_1314
1246,1326,2018_1246_1326
1246,1328,2018_1246_1328
1246,1335,2018_1246_1335
1246,1344,2018_1246_1344
1246,1345,2018_1246_1345
1246,1347,2018_1246_1347
1246,1348,2018_1246_1348
1246,1355,2018_1246_1355
1246,1361,2018_1246_1361
1246,1371,2018_1246_1371
1246,1372,2018_1246_1372
1246,1382,2018_1246_1382
1246,1393,2018_1246_1393
1246,1395,2018_1246_1395
1246,1397,2018_1246_1397
1246,1400,2018_1246_1400
1246,1401,2018_1246_1401
1246,1403,2018_1246_1403
1246,1411,2018_1246_1411
1246,1417,2018_1246_1417
1246,1420,2018_1246_1420
1246,1422,2018_1246_1422
1246,1437,2018_1246_1437
1246,1438,2018_1246_1438
1246,1439,2018_1246_1439
1246,1452,2018_1246_1452
1246,1455,2018_1246_1455
1246,1460,2018_1246_1460
1246,1462,2018_1246_1462
1252,1254,2018_1252_1254
1252,1260,2018_1252_1260
1252,1267,2018_1252_1267
1252,1274,2018_1252_1274
1252,1276,2018_1252_1276
1252,1277,2018_1252_1277
1252,1281,2018_1252_1281
1252,1285,2018_1252_1285
1252,1293,2018_1252_1293
1252,1300,2018_1252_1300
1252,1301,2018_1252_1301
1252,1305,2018_1252_1305
1252,1308,2018_1252_1308
1252,1314,2018_1252_1314
1252,1326,2018_1252_1326
1252,1328,2018_1252_1328
1252,1335,2018_1252_1335
1252,1344,2018_1252_1344
1252,1345,2018_1252_1345
1252,1347,2018_1252_1347
1252,1348,2018_1252_1348
1252,1355,2018_1252_1355
1252,1361,2018_1252_1361
1252,1371,2018_1252_1371
1252,1372,2018_1252_1372
1252,1382,2018_1252_1382
1252,1393,2018_1252_1393
1252,1395,2018_1252_1395
1252,1397,2018_1252_1397
1252,1400,2018_1252_1400
1252,1401,2018_1252_1401
1252,1403,2018_1252_1403
1252,1411,2018_1252_1411
1252,1417,2018_1252_1417
1252,1420,2018_1252_1420
1252,1422,2018_1252_1422
1252,1437,2018_1252_1437
1252,1438,2018_1252_1438
1252,1439,2018_1252_1439
1252,1452,2018_1252_1452
1252,1455,2018_1252_1455
1252,1460,2018_1252_1460
1252,1462,2018_1252_1462
1254,1260,2018_1254_1260
1254,1267,2018_1254_1267
1254,1274,2018_1254_1274
1254,1276,2018_1254_1276
1254,1277,2018_1254_1277
1254,1281,2018_1254_1281
1254,1285,2018_1254_1285
1254,1293,2018_1254_1293
1254,1300,2018_1254_1300
1254,1301,2018_1254_1301
1254,1305,2018_1254_1305
1254,1308,2018_1254_1308
1254,1314,2018_1254_1314
1254,1326,2018_1254_1326
1254,1328,2018_1254_1328
1254,1335,2018_1254_1335
1254,1344,2018_1254_1344
1254,1345,2018_1254_1345
1254,1347,2018_1254_1347
1254,1348,2018_1254_1348
1254,1355,2018_1254_1355
1254,1361,2018_1254_1361
1254,1371,2018_1254_1371
1254,1372,2018_1254_1372
1254,1382,2018_1254_1382
1254,1393,2018_1254_1393
1254,1395,2018_1254_1395
1254,1397,2018_1254_1397
1254,1400,2018_1254_1400
1254,1401,2018_1254_1401
1254,1403,2018_1254_1403
1254,1411,2018_1254_1411
1254,1417,2018_1254_1417
1254,1420,2018_1254_1420
1254,1422,2018_1254_1422
1254,1437,2018_1254_1437
1254,1438,2018_1254_1438
1254,1439,2018_1254_1439
1254,1452,2018_1254_1452
1254,1455,2018_1254_1455
1254,1460,2018_1254_1460
1254,1462,2018_1254_1462
1260,1267,2018_1260_1267
1260,1274,2018_1260_1274
1260,1276,2018_1260_1276
1260,1277,2018_1260_1277
1260,1281,2018_1260_1281
1260,1285,2018_1260_1285
1260,1293,2018_1260_1293
1260,1300,2018_1260_1300
1260,1301,2018_1260_1301
1260,1305,2018_1260_1305
1260,1308,2018_1260_1308
1260,1314,2018_1260_1314
1260,1326,2018_1260_1326
1260,1328,2018_1260_1328
1260,1335,2018_1260_1335
1260,1344,2018_1260_1344
1260,1345,2018_1260_1345
1260,1347,2018_1260_1347
1260,1348,2018_1260_1348
1260,1355,2018_1260_1355
1260,1361,2018_1260_1361
1260,1371,2018_1260_1371
1260,1372,2018_1260_1372
1260,1382,2018_1260_1382
1260,1393,2018_1260_1393
1260,1395,2018_1260_1395
1260,1397,2018_1260_1397
1260,1400,2018_1260_1400
1260,1401,2018_1260_1401
1260,1403,2018_1260_1403
1260,1411,2018_1260_1411
1260,1417,2018_1260_1417
1260,1420,2018_1260_1420
1260,1422,2018_1260_1422
1260,1437,2018_1260_1437
1260,1438,2018_1260_1438
1260,1439,2018_1260_1439
1260,1452,2018_1260_1452
1260,1455,2018_1260_1455
1260,1460,2018_1260_1460
1260,1462,2018_1260_1462
1267,1274,2018_1267_1274
1267,1276,2018_1267_1276
1267,1277,2018_1267_1277
1267,1281,2018_1267_1281
1267,1285,2018_1267_1285
1267,1293,2018_1267_1293
1267,1300,2018_1267_1300
1267,1301,2018_1267_1301
1267,1305,2018_1267_1305
1267,1308,2018_1267_1308
1267,1314,2018_1267_1314
1267,1326,2018_1267_1326
1267,1328,2018_1267_1328
1267,1335,2018_1267_1335
1267,1344,2018_1267_1344
1267,1345,2018_1267_1345
1267,1347,2018_1267_1347
1267,1348,2018_1267_1348
1267,1355,2018_1267_1355
1267,1361,2018_1267_1361
1267,1371,2018_1267_1371
1267,1372,2018_1267_1372
1267,1382,2018_1267_1382
1267,1393,2018_1267_1393
1267,1395,2018_1267_1395
1267,1397,2018_1267_1397
1267,1400,2018_1267_1400
1267,1401,2018_1267_1401
1267,1403,2018_1267_1403
1267,1411,2018_1267_1411
1267,1417,2018_1267_1417
1267,1420,2018_1267_1420
1267,1422,2018_1267_1422
1267,1437,2018_1267_1437
1267,1438,2018_1267_1438
1267,1439,2018_1267_1439
1267,1452,2018_1267_1452
1267,1455,2018_1267_1455
1267,1460,2018_1267_1460
1267,1462,2018_1267_1462
1274,1276,2018_1274_1276
1274,1277,2018_1274_1277
1274,1281,2018_1274_1281
1274,1285,2018_1274_1285
1274,1293,2018_1274_1293
1274,1300,2018_1274_1300
1274,1301,2018_1274_1301
1274,1305,2018_1274_1305
1274,1308,2018_1274_1308
1274,1314,2018_1274_1314
1274,1326,2018_1274_1326
1274,1328,2018_1274_1328
1274,1335,2018_1274_1335
1274,1344,2018_1274_1344
1274,1345,2018_1274_1345
1274,1347,2018_1274_1347
1274,1348,2018_1274_1348
1274,1355,2018_1274_1355
1274,1361,2018_1274_1361
1274,1371,2018_1274_1371
1274,1372,2018_1274_1372
1274,1382,2018_1274_1382
1274,1393,2018_1274_1393
1274,1395,2018_1274_1395
1274,1397,2018_1274_1397
1274,1400,2018_1274_1400
1274,1401,2018_1274_1401
1274,1403,2018_1274_1403
1274,1411,2018_1274_1411
1274,1417,2018_1274_1417
1274,1420,2018_1274_1420
1274,1422,2018_1274_1422
1274,1437,2018_1274_1437
1274,1438,2018_1274_1438
1274,1439,2018_1274_1439
1274,1452,2018_1274_1452
1274,1455,2018_1274_1455
1274,1460,2018_1274_1460
1274,1462,2018_1274_1462
1276,1277,2018_1276_1277
1276,1281,2018_1276_1281
1276,1285,2018_1276_1285
1276,1293,2018_1276_1293
1276,1300,2018_1276_1300
1276,1301,2018_1276_1301
1276,1305,2018_1276_1305
1276,1308,2018_1276_1308
1276,1314,2018_1276_1314
1276,1326,2018_1276_1326
1276,1328,2018_1276_1328
1276,1335,2018_1276_1335
1276,1344,2018_1276_1344
1276,1345,2018_1276_1345
1276,1347,2018_1276_1347
1276,1348,2018_1276_1348
1276,1355,2018_1276_1355
1276,1361,2018_1276_1361
1276,1371,2018_1276_1371
1276,1372,2018_1276_1372
1276,1382,2018_1276_1382
1276,1393,2018_1276_1393
1276,1395,2018_1276_1395
1276,1397,2018_1276_1397
1276,1400,2018_1276_1400
1276,1401,2018_1276_1401
1276,1403,2018_1276_1403
1276,1411,2018_1276_1411
1276,1417,2018_1276_1417
1276,1420,2018_1276_1420
1276,1422,2018_1276_1422
1276,1437,2018_1276_1437
1276,1438,2018_1276_1438
1276,1439,2018_1276_1439
1276,1452,2018_1276_1452
1276,1455,2018_1276_1455
1276,1460,2018_1276_1460
1276,1462,2018_1276_1462
1277,1281,2018_1277_1281
1277,1285,2018_1277_1285
1277,1293,2018_1277_1293
1277,1300,2018_1277_1300
1277,1301,2018_1277_1301
1277,1305,2018_1277_1305
1277,1308,2018_1277_1308
1277,1314,2018_1277_1314
1277,1326,2018_1277_1326
1277,1328,2018_1277_1328
1277,1335,2018_1277_1335
1277,1344,2018_1277_1344
1277,1345,2018_1277_1345
1277,1347,2018_1277_1347
1277,1348,2018_1277_1348
1277,1355,2018_1277_1355
1277,1361,2018_1277_1361
1277,1371,2018_1277_1371
1277,1372,2018_1277_1372
1277,1382,2018_1277_1382
1277,1393,2018_1277_1393
1277,1395,2018_1277_1395
1277,1397,2018_1277_1397
1277,1400,2018_1277_1400
1277,1401,2018_1277_1401
1277,1403,2018_1277_1403
1277,1411,2018_1277_1411
1277,1417,2018_1277_1417
1277,1420,2018_1277_1420
1277,1422,2018_1277_1422
1277,1437,2018_1277_1437
1277,1438,2018_1277_1438
1277,1439,2018_1277_1439
1277,1452,2018_1277_1452
1277,1455,2018_1277_1455
1277,1460,2018_1277_1460
1277,1462,2018_1277_1462
1281,1285,2018_1281_1285
1281,1293,2018_1281_1293
1281,1300,2018_1281_1300
1281,1301,2018_1281_1301
1281,1305,2018_1281_1305
1281,1308,2018_1281_1308
1281,1314,2018_1281_1314
1281,1326,2018_1281_1326
1281,1328,2018_1281_1328
1281,1335,2018_1281_1335
1281,1344,2018_1281_1344
1281,1345,2018_1281_1345
1281,1347,2018_1281_1347
1281,1348,2018_1281_1348
1281,1355,2018_1281_1355
1281,1361,2018_1281_1361
1281,1371,2018_1281_1371
1281,1372,2018_1281_1372
1281,1382,2018_1281_1382
1281,1393,2018_1281_1393
1281,1395,2018_1281_1395
1281,1397,2018_1281_1397
1281,1400,2018_1281_1400
1281,1401,2018_1281_1401
1281,1403,2018_1281_1403
1281,1411,2018_1281_1411
1281,1417,2018_1281_1417
1281,1420,2018_1281_1420
1281,1422,2018_1281_1422
1281,1437,2018_1281_1437
1281,1438,2018_1281_1438
1281,1439,2018_1281_1439
1281,1452,2018_1281_1452
1281,1455,2018_1281_1455
1281,1460,2018_1281_1460
1281,1462,2018_1281_1462
1285,1293,2018_1285_1293
1285,1300,2018_1285_1300
1285,1301,2018_1285_1301
1285,1305,2018_1285_1305
1285,1308,2018_1285_1308
1285,1314,2018_1285_1314
1285,1326,2018_1285_1326
1285,1328,2018_1285_1328
1285,1335,2018_1285_1335
1285,1344,2018_1285_1344
1285,1345,2018_1285_1345
1285,1347,2018_1285_1347
1285,1348,2018_1285_1348
1285,1355,2018_1285_1355
1285,1361,2018_1285_1361
1285,1371,2018_1285_1371
1285,1372,2018_1285_1372
1285,1382,2018_1285_1382
1285,1393,2018_1285_1393
1285,1395,2018_1285_1395
1285,1397,2018_1285_1397
1285,1400,2018_1285_1400
1285,1401,2018_1285_1401
1285,1403,2018_1285_1403
1285,1411,2018_1285_1411
1285,1417,2018_1285_1417
1285,1420,2018_1285_1420
1285,1422,2018_1285_1422
1285,1437,2018_1285_1437
1285,1438,2018_1285_1438
1285,1439,2018_1285_1439
1285,1452,2018_1285_1452
1285,1455,2018_1285_1455
1285,1460,2018_1285_1460
1285,1462,2018_1285_1462
1293,1300,2018_1293_1300
1293,1301,2018_1293_1301
1293,1305,2018_1293_1305
1293,1308,2018_1293_1308
1293,1314,2018_1293_1314
1293,1326,2018_1293_1326
1293,1328,2018_1293_1328
1293,1335,2018_1293_1335
1293,1344,2018_1293_1344
1293,1345,2018_1293_1345
1293,1347,2018_1293_1347
1293,1348,2018_1293_1348
1293,1355,2018_1293_1355
1293,1361,2018_1293_1361
1293,1371,2018_1293_1371
1293,1372,2018_1293_1372
1293,1382,2018_1293_1382
1293,1393,2018_1293_1393
1293,1395,2018_1293_1395
1293,1397,2018_1293_1397
1293,1400,2018_1293_1400
1293,1401,2018_1293_1401
1293,1403,2018_1293_1403
1293,1411,2018_1293_1411
1293,1417,2018_1293_1417
1293,1420,2018_1293_1420
1293,1422,2018_1293_1422
1293,1437,2018_1293_1437
1293,1438,2018_1293_1438
1293,1439,2018_1293_1439
1293,1452,2018_1293_1452
1293,1455,2018_1293_1455
1293,1460,2018_1293_1460
1293,1462,2018_1293_1462
1300,1301,2018_1300_1301
1300,1305,2018_1300_1305
1300,1308,2018_1300_1308
1300,1314,2018_1300_1314
1300,1326,2018_1300_1326
1300,1328,2018_1300_1328
1300,1335,2018_1300_1335
1300,1344,2018_1300_1344
1300,1345,2018_1300_1345
1300,1347,2018_1300_1347
1300,1348,2018_1300_1348
1300,1355,2018_1300_1355
1300,1361,2018_1300_1361
1300,1371,2018_1300_1371
1300,1372,2018_1300_1372
1300,1382,2018_1300_1382
1300,1393,2018_1300_1393
1300,1395,2018_1300_1395
1300,1397,2018_1300_1397
1300,1400,2018_1300_1400
1300,1401,2018_1300_1401
1300,1403,2018_1300_1403
1300,1411,2018_1300_1411
1300,1417,2018_1300_1417
1300,1420,2018_1300_1420
1300,1422,2018_1300_1422
1300,1437,2018_1300_1437
1300,1438,2018_1300_1438
1300,1439,2018_1300_1439
1300,1452,2018_1300_1452
1300,1455,2018_1300_1455
1300,1460,2018_1300_1460
1300,1462,2018_1300_1462
1301,1305,2018_1301_1305
1301,1308,2018_1301_1308
1301,1314,2018_1301_1314
1301,1326,2018_1301_1326
1301,1328,2018_1301_1328
1301,1335,2018_1301_1335
1301,1344,2018_1301_1344
1301,1345,2018_1301_1345
1301,1347,2018_1301_1347
1301,1348,2018_1301_1348
1301,1355,2018_1301_1355
1301,1361,2018_1301_1361
1301,1371,2018_1301_1371
1301,1372,2018_1301_1372
1301,1382,2018_1301_1382
1301,1393,2018_1301_1393
1301,1395,2018_1301_1395
1301,1397,2018_1301_1397
1301,1400,2018_1301_1400
1301,1401,2018_1301_1401
1301,1403,2018_1301_1403
1301,1411,2018_1301_1411
1301,1417,2018_1301_1417
1301,1420,2018_1301_1420
1301,1422,2018_1301_1422
1301,1437,2018_1301_1437
1301,1438,2018_1301_1438
1301,1439,2018_1301_1439
1301,1452,2018_1301_1452
1301,1455,2018_1301_1455
1301,1460,2018_1301_1460
1301,1462,2018_1301_1462
1305,1308,2018_1305_1308
1305,1314,2018_1305_1314
1305,1326,2018_1305_1326
1305,1328,2018_1305_1328
1305,1335,2018_1305_1335
1305,1344,2018_1305_1344
1305,1345,2018_1305_1345
1305,1347,2018_1305_1347
1305,1348,2018_1305_1348
1305,1355,2018_1305_1355
1305,1361,2018_1305_1361
1305,1371,2018_1305_1371
1305,1372,2018_1305_1372
1305,1382,2018_1305_1382
1305,1393,2018_1305_1393
1305,1395,2018_1305_1395
1305,1397,2018_1305_1397
1305,1400,2018_1305_1400
1305,1401,2018_1305_1401
1305,1403,2018_1305_1403
1305,1411,2018_1305_1411
1305,1417,2018_1305_1417
1305,1420,2018_1305_1420
1305,1422,2018_1305_1422
1305,1437,2018_1305_1437
1305,1438,2018_1305_1438
1305,1439,2018_1305_1439
1305,1452,2018_1305_1452
1305,1455,2018_1305_1455
1305,1460,2018_1305_1460
1305,1462,2018_1305_1462
1308,1314,2018_1308_1314
1308,1326,2018_1308_1326
1308,1328,2018_1308_1328
1308,1335,2018_1308_1335
1308,1344,2018_1308_1344
1308,1345,2018_1308_1345
1308,1347,2018_1308_1347
1308,1348,2018_1308_1348
1308,1355,2018_1308_1355
1308,1361,2018_1308_1361
1308,1371,2018_1308_1371
1308,1372,2018_1308_1372
1308,1382,2018_1308_1382
1308,1393,2018_1308_1393
1308,1395,2018_1308_1395
1308,1397,2018_1308_1397
1308,1400,2018_1308_1400
1308,1401,2018_1308_1401
1308,1403,2018_1308_1403
1308,1411,2018_1308_1411
1308,1417,2018_1308_1417
1308,1420,2018_1308_1420
1308,1422,2018_1308_1422
1308,1437,2018_1308_1437
1308,1438,2018_1308_1438
1308,1439,2018_1308_1439
1308,1452,2018_1308_1452
1308,1455,2018_1308_1455
1308,1460,2018_1308_1460
1308,1462,2018_1308_1462
1314,1326,2018_1314_1326
1314,1328,2018_1314_1328
1314,1335,2018_1314_1335
1314,1344,2018_1314_1344
1314,1345,2018_1314_1345
1314,1347,2018_1314_1347
1314,1348,2018_1314_1348
1314,1355,2018_1314_1355
1314,1361,2018_1314_1361
1314,1371,2018_1314_1371
1314,1372,2018_1314_1372
1314,1382,2018_1314_1382
1314,1393,2018_1314_1393
1314,1395,2018_1314_1395
1314,1397,2018_1314_1397
1314,1400,2018_1314_1400
1314,1401,2018_1314_1401
1314,1403,2018_1314_1403
1314,1411,2018_1314_1411
1314,1417,2018_1314_1417
1314,1420,2018_1314_1420
1314,1422,2018_1314_1422
1314,1437,2018_1314_1437
1314,1438,2018_1314_1438
1314,1439,2018_1314_1439
1314,1452,2018_1314_1452
1314,1455,2018_1314_1455
1314,1460,2018_1314_1460
1314,1462,2018_1314_1462
1326,1328,2018_1326_1328
1326,1335,2018_1326_1335
1326,1344,2018_1326_1344
1326,1345,2018_1326_1345
1326,1347,2018_1326_1347
1326,1348,2018_1326_1348
1326,1355,2018_1326_1355
1326,1361,2018_1326_1361
1326,1371,2018_1326_1371
1326,1372,2018_1326_1372
1326,1382,2018_1326_1382
1326,1393,2018_1326_1393
1326,1395,2018_1326_1395
1326,1397,2018_1326_1397
1326,1400,2018_1326_1400
1326,1401,2018_1326_1401
1326,1403,2018_1326_1403
1326,1411,2018_1326_1411
1326,1417,2018_1326_1417
1326,1420,2018_1326_1420
1326,1422,2018_1326_1422
1326,1437,2018_1326_1437
1326,1438,2018_1326_1438
1326,1439,2018_1326_1439
1326,1452,2018_1326_1452
1326,1455,2018_1326_1455
1326,1460,2018_1326_1460
1326,1462,2018_1326_1462
1328,1335,2018_1328_1335
1328,1344,2018_1328_1344
1328,1345,2018_1328_1345
1328,1347,2018_1328_1347
1328,1348,2018_1328_1348
1328,1355,2018_1328_1355
1328,1361,2018_1328_1361
1328,1371,2018_1328_1371
1328,1372,2018_1328_1372
1328,1382,2018_1328_1382
1328,1393,2018_1328_1393
1328,1395,2018_1328_1395
1328,1397,2018_1328_1397
1328,1400,2018_1328_1400
1328,1401,2018_1328_1401
1328,1403,2018_1328_1403
1328,1411,2018_1328_1411
1328,1417,2018_1328_1417
1328,1420,2018_1328_1420
1328,1422,2018_1328_1422
1328,1437,2018_1328_1437
1328,1438,2018_1328_1438
1328,1439,2018_1328_1439
1328,1452,2018_1328_1452
1328,1455,2018_1328_1455
1328,1460,2018_1328_1460
1328,1462,2018_1328_1462
1335,1344,2018_1335_1344
1335,1345,2018_1335_1345
1335,1347,2018_1335_1347
1335,1348,2018_1335_1348
1335,1355,2018_1335_1355
1335,1361,2018_1335_1361
1335,1371,2018_1335_1371
1335,1372,2018_1335_1372
1335,1382,2018_1335_1382
1335,1393,2018_1335_1393
1335,1395,2018_1335_1395
1335,1397,2018_1335_1397
1335,1400,2018_1335_1400
1335,1401,2018_1335_1401
1335,1403,2018_1335_1403
1335,1411,2018_1335_1411
1335,1417,2018_1335_1417
1335,1420,2018_1335_1420
1335,1422,2018_1335_1422
1335,1437,2018_1335_1437
1335,1438,2018_1335_1438
1335,1439,2018_1335_1439
1335,1452,2018_1335_1452
1335,1455,2018_1335_1455
1335,1460,2018_1335_1460
1335,1462,2018_1335_1462
1344,1345,2018_1344_1345
1344,1347,2018_1344_1347
1344,1348,2018_1344_1348
1344,1355,2018_1344_1355
1344,1361,2018_1344_1361
1344,1371,2018_1344_1371
1344,1372,2018_1344_1372
1344,1382,2018_1344_1382
1344,1393,2018_1344_1393
1344,1395,2018_1344_1395
1344,1397,2018_1344_1397
1344,1400,2018_1344_1400
1344,1401,2018_1344_1401
1344,1403,2018_1344_1403
1344,1411,2018_1344_1411
1344,1417,2018_1344_1417
1344,1420,2018_1344_1420
1344,1422,2018_1344_1422
1344,1437,2018_1344_1437
1344,1438,2018_1344_1438
1344,1439,2018_1344_1439
1344,1452,2018_1344_1452
1344,1455,2018_1344_1455
1344,1460,2018_1344_1460
1344,1462,2018_1344_1462
1345,1347,2018_1345_1347
1345,1348,2018_1345_1348
1345,1355,2018_1345_1355
1345,1361,2018_1345_1361
1345,1371,2018_1345_1371
1345,1372,2018_1345_1372
1345,1382,2018_1345_1382
1345,1393,2018_1345_1393
1345,1395,2018_1345_1395
1345,1397,2018_1345_1397
1345,1400,2018_1345_1400
1345,1401,2018_1345_1401
1345,1403,2018_1345_1403
1345,1411,2018_1345_1411
1345,1417,2018_1345_1417
1345,1420,2018_1345_1420
1345,1422,2018_1345_1422
1345,1437,2018_1345_1437
1345,1438,2018_1345_1438
1345,1439,2018_1345_1439
1345,1452,2018_1345_1452
1345,1455,2018_1345_1455
1345,1460,2018_1345_1460
1345,1462,2018_1345_1462
1347,1348,2018_1347_1348
1347,1355,2018_1347_1355
1347,1361,2018_1347_1361
1347,1371,2018_1347_1371
1347,1372,2018_1347_1372
1347,1382,2018_1347_1382
1347,1393,2018_1347_1393
1347,1395,2018_1347_1395
1347,1397,2018_1347_1397
1347,1400,2018_1347_1400
1347,1401,2018_1347_1401
1347,1403,2018_1347_1403
1347,1411,2018_1347_1411
1347,1417,2018_1347_1417
1347,1420,2018_1347_1420
1347,1422,2018_1347_1422
1347,1437,2018_1347_1437
1347,1438,2018_1347_1438
1347,1439,2018_1347_1439
1347,1452,2018_1347_1452
1347,1455,2018_1347_1455
1347,1460,2018_1347_1460
1347,1462,2018_1347_1462
1348,1355,2018_1348_1355
1348,1361,2018_1348_1361
1348,1371,2018_1348_1371
1348,1372,2018_1348_1372
1348,1382,2018_1348_1382
1348,1393,2018_1348_1393
1348,1395,2018_1348_1395
1348,1397,2018_1348_1397
1348,1400,2018_1348_1400
1348,1401,2018_1348_1401
1348,1403,2018_1348_1403
1348,1411,2018_1348_1411
1348,1417,2018_1348_1417
1348,1420,2018_1348_1420
1348,1422,2018_1348_1422
1348,1437,2018_1348_1437
1348,1438,2018_1348_1438
1348,1439,2018_1348_1439
1348,1452,2018_1348_1452
1348,1455,2018_1348_1455
1348,1460,2018_1348_1460
1348,1462,2018_1348_1462
1355,1361,2018_1355_1361
1355,1371,2018_1355_1371
1355,1372,2018_1355_1372
1355,1382,2018_1355_1382
1355,1393,2018_1355_1393
1355,1395,2018_1355_1395
1355,1397,2018_1355_1397
1355,1400,2018_1355_1400
1355,1401,2018_1355_1401
1355,1403,2018_1355_1403
1355,1411,2018_1355_1411
1355,1417,2018_1355_1417
1355,1420,2018_1355_1420
1355,1422,2018_1355_1422
1355,1437,2018_1355_1437
1355,1438,2018_1355_1438
1355,1439,2018_1355_1439
1355,1452,2018_1355_1452
1355,1455,2018_1355_1455
1355,1460,2018_1355_1460
1355,1462,2018_1355_1462
1361,1371,2018_1361_1371
1361,1372,2018_1361_1372
1361,1382,2018_1361_1382
1361,1393,2018_1361_1393
1361,1395,2018_1361_1395
1361,1397,2018_1361_1397
1361,1400,2018_1361_1400
1361,1401,2018_1361_1401
1361,1403,2018_1361_1403
1361,1411,2018_1361_1411
1361,1417,2018_1361_1417
1361,1420,2018_1361_1420
1361,1422,2018_1361_1422
1361,1437,2018_1361_1437
1361,1438,2018_1361_1438
1361,1439,2018_1361_1439
1361,1452,2018_1361_1452
1361,1455,2018_1361_1455
1361,1460,2018_1361_1460
1361,1462,2018_1361_1462
1371,1372,2018_1371_1372
1371,1382,2018_1371_1382
1371,1393,2018_1371_1393
1371,1395,2018_1371_1395
1371,1397,2018_1371_1397
1371,1400,2018_1371_1400
1371,1401,2018_1371_1401
1371,1403,2018_1371_1403
1371,1411,2018_1371_1411
1371,1417,2018_1371_1417
1371,1420,2018_1371_1420
1371,1422,2018_1371_1422
1371,1437,2018_1371_1437
1371,1438,2018_1371_1438
1371,1439,2018_1371_1439
1371,1452,2018_1371_1452
1371,1455,2018_1371_1455
1371,1460,2018_1371_1460
1371,1462,2018_1371_1462
1372,1382,2018_1372_1382
1372,1393,2018_1372_1393
1372,1395,2018_1372_1395
1372,1397,2018_1372_1397
1372,1400,2018_1372_1400
1372,1401,2018_1372_1401
1372,1403,2018_1372_1403
1372,1411,2018_1372_1411
1372,1417,2018_1372_1417
1372,1420,2018_1372_1420
1372,1422,2018_1372_1422
1372,1437,2018_1372_1437
1372,1438,2018_1372_1438
1372,1439,2018_1372_1439
1372,1452,2018_1372_1452
1372,1455,2018_1372_1455
1372,1460,2018_1372_1460
1372,1462,2018_1372_1462
1382,1393,2018_1382_1393
1382,1395,2018_1382_1395
1382,1397,2018_1382_1397
1382,1400,2018_1382_1400
1382,1401,2018_1382_1401
1382,1403,2018_1382_1403
1382,1411,2018_1382_1411
1382,1417,2018_1382_1417
1382,1420,2018_1382_1420
1382,1422,2018_1382_1422
1382,1437,2018_1382_1437
1382,1438,2018_1382_1438
1382,1439,2018_1382_1439
1382,1452,2018_1382_1452
1382,1455,2018_1382_1455
1382,1460,2018_1382_1460
1382,1462,2018_1382_1462
1393,1395,2018_1393_1395
1393,1397,2018_1393_1397
1393,1400,2018_1393_1400
1393,1401,2018_1393_1401
1393,1403,2018_1393_1403
1393,1411,2018_1393_1411
1393,1417,2018_1393_1417
1393,1420,2018_1393_1420
1393,1422,2018_1393_1422
1393,1437,2018_1393_1437
1393,1438,2018_1393_1438
1393,1439,2018_1393_1439
1393,1452,2018_1393_1452
1393,1455,2018_1393_1455
1393,1460,2018_1393_1460
1393,1462,2018_1393_1462
1395,1397,2018_1395_1397
1395,1400,2018_1395_1400
1395,1401,2018_1395_1401
1395,1403,2018_1395_1403
1395,1411,2018_1395_1411
1395,1417,2018_1395_1417
1395,1420,2018_1395_1420
1395,1422,2018_1395_1422
1395,1437,2018_1395_1437
1395,1438,2018_1395_1438
1395,1439,2018_1395_1439
1395,1452,2018_1395_1452
1395,1455,2018_1395_1455
1395,1460,2018_1395_1460
1395,1462,2018_1395_1462
1397,1400,2018_1397_1400
1397,1401,2018_1397_1401
1397,1403,2018_1397_1403
1397,1411,2018_1397_1411
1397,1417,2018_1397_1417
1397,1420,2018_1397_1420
1397,1422,2018_1397_1422
1397,1437,2018_1397_1437
1397,1438,2018_1397_1438
1397,1439,2018_1397_1439
1397,1452,2018_1397_1452
1397,1455,2018_1397_1455
1397,1460,2018_1397_1460
1397,1462,2018_1397_1462
1400,1401,2018_1400_1401
1400,1403,2018_1400_1403
1400,1411,2018_1400_1411
1400,1417,2018_1400_1417
1400,1420,2018_1400_1420
1400,1422,2018_1400_1422
1400,1437,2018_1400_1437
1400,1438,2018_1400_1438
1400,1439,2018_1400_1439
1400,1452,2018_1400_1452
1400,1455,2018_1400_1455
1400,1460,2018_1400_1460
1400,1462,2018_1400_1462
1401,1403,2018_1401_1403
1401,1411,2018_1401_1411
1401,1417,2018_1401_1417
1401,1420,2018_1401_1420
1401,1422,2018_1401_1422
1401,1437,2018_1401_1437
1401,1438,2018_1401_1438
1401,1439,2018_1401_1439
1401,1452,2018_1401_1452
1401,1455,2018_1401_1455
1401,1460,2018_1401_1460
1401,1462,2018_1401_1462
1403,1411,2018_1403_1411
1403,1417,2018_1403_1417
1403,1420,2018_1403_1420
1403,1422,2018_1403_1422
1403,1437,2018_1403_1437
1403,1438,2018_1403_1438
1403,1439,2018_1403_1439
1403,1452,2018_1403_1452
1403,1455,2018_1403_1455
1403,1460,2018_1403_1460
1403,1462,2018_1403_1462
1411,1417,2018_1411_1417
1411,1420,2018_1411_1420
1411,1422,2018_1411_1422
1411,1437,2018_1411_1437
1411,1438,2018_1411_1438
1411,1439,2018_1411_1439
1411,1452,2018_1411_1452
1411,1455,2018_1411_1455
1411,1460,2018_1411_1460
1411,1462,2018_1411_1462
1417,1420,2018_1417_1420
1417,1422,2018_1417_1422
1417,1437,2018_1417_1437
1417,1438,2018_1417_1438
1417,1439,2018_1417_1439
1417,1452,2018_1417_1452
1417,1455,2018_1417_1455
1417,1460,2018_1417_1460
1417,1462,2018_1417_1462
1420,1422,2018_1420_1422
1420,1437,2018_1420_1437
1420,1438,2018_1420_1438
1420,1439,2018_1420_1439
1420,1452,2018_1420_1452
1420,1455,2018_1420_1455
1420,1460,2018_1420_1460
1420,1462,2018_1420_1462
1422,1437,2018_1422_1437
1422,1438,2018_1422_1438
1422,1439,2018_1422_1439
1422,1452,2018_1422_1452
1422,1455,2018_1422_1455
1422,1460,2018_1422_1460
1422,1462,2018_1422_1462
1437,1438,2018_1437_1438
1437,1439,2018_1437_1439
1437,1452,2018_1437_1452
1437,1455,2018_1437_1455
1437,1460,2018_1437_1460
1437,1462,2018_1437_1462
1438,1439,2018_1438_1439
1438,1452,2018_1438_1452
1438,1455,2018_1438_1455
1438,1460,2018_1438_1460
1438,1462,2018_1438_1462
1439,1452,2018_1439_1452
1439,1455,2018_1439_1455
1439,1460,2018_1439_1460
1439,1462,2018_1439_1462
1452,1455,2018_1452_1455
1452,1460,2018_1452_1460
1452,1462,2018_1452_1462
1455,1460,2018_1455_1460
1455,1462,2018_1455_1462
1460,1462,2018_1460_1462
